time,gt_x,gt_y,gt_z,slam_x,slam_y,slam_z,err_x,err_y,err_z,position_error_norm,dvl_matched,dvl_time_diff,dvl_residual_x,dvl_residual_y,dvl_residual_z,yaw_error,depth_residual,mag_residual,mag_matched,mag_time_diff,mag_yaw_measured,sonar_up_matched,sonar_down_matched,sonar_left_matched,sonar_right_matched,sonar_up_residual,sonar_down_residual,sonar_left_residual,sonar_right_residual,sonar_up_range,sonar_down_range,sonar_left_range,sonar_right_range
0.25,0.044,0.0131945,0.00659845,0.0414211,0.0223741,0.0277183,-0.00257892,0.00917963,0.0211198,0.023172448885331477,1,0.03,-0.00706145,-0.00450129,0.00625255,0.000186559,,-0.00882684,1,0.01,0.0137202,0,0,0,0,0.0,0.0,0.0,0.0,0.0,0.0,0.0,0.0
0.5,0.096,0.02875,0.0143859,0.0884304,0.0299509,0.0138107,-0.00756958,0.00120086,-0.000575241,0.007685799133732353,1,0.08,-0.00868689,0.0289456,-0.00436406,-3.85516e-05,,0.00298388,1,0.02,0.00700185,0,0,0,0,0.0,0.0,0.0,0.0,0.0,0.0,0.0,0.0
0.75,0.144,0.0430381,0.0215544,0.135599,0.0414531,0.0227866,-0.00840099,-0.00158501,0.00123212,0.008637534913075605,1,0.03,-0.0066409,0.00756727,-0.0282146,0.0001369,,0.0010483,1,0.01,0.0138915,0,0,0,0,0.0,0.0,0.0,0.0,0.0,0.0,0.0,0.0
1.0,0.196,0.0584008,0.0292876,0.186253,0.0604033,0.0153118,-0.00974674,0.00200254,-0.0139758,0.017156109486687242,1,0.08,-0.0138515,-0.0163677,0.00213679,-0.000198752,,0.0123123,1,0.02,0.00769514,0,0,0,0,0.0,0.0,0.0,0.0,0.0,0.0,0.0,0.0
1.25,0.244,0.0724397,0.0363859,0.227426,0.0693234,0.00447813,-0.0165737,-0.00311634,-0.0319077,0.03609017076678357,1,0.03,0.0182595,0.0155758,0.00266626,0.000150488,,-0.00651335,1,0.01,0.0312661,0,0,0,0,0.0,0.0,0.0,0.0,0.0,0.0,0.0,0.0
1.5,0.296,0.0874561,0.0440213,0.273386,0.0886858,0.0552485,-0.0226138,0.00122975,0.0112273,0.025277430660423143,1,0.08,-0.00203118,-0.0194578,-0.00161343,-3.1594e-05,,-0.00184242,1,0.02,0.0316407,0,0,0,0,0.0,0.0,0.0,0.0,0.0,0.0,0.0,0.0
1.75,0.344,0.101106,0.0510094,0.322417,0.10095,0.0586323,-0.0215826,-0.000155413,0.00762294,0.022889779164600277,1,0.03,-0.00851879,0.00632471,0.0311549,-2.55018e-05,,0.00452984,1,0.01,0.0302167,0,0,0,0,0.0,0.0,0.0,0.0,0.0,0.0,0.0,0.0
2.0,0.396,0.115626,0.058504,0.3794,0.11341,0.0587616,-0.0165995,-0.00221513,0.000257547,0.016748627753464133,1,0.08,-0.0234809,0.0029594,-0.0014994,-0.000117793,,-0.00471287,1,0.02,0.044135,0,0,0,0,0.0,0.0,0.0,0.0,0.0,0.0,0.0,0.0
2.25,0.444,0.128749,0.0653427,0.426619,0.124623,0.0651868,-0.0173815,-0.0041263,-0.000155879,0.017865250969483777,1,0.03,0.0134019,0.00260224,-0.0187114,5.35877e-05,,0.00152399,1,0.01,0.0430047,0,0,0,0,0.0,0.0,0.0,0.0,0.0,0.0,0.0,0.0
2.5,0.496,0.142628,0.0726545,0.468928,0.137222,0.0554748,-0.0270717,-0.00540596,-0.0171797,0.03251528004648891,1,0.08,0.0227212,-0.00558563,-0.0185815,-0.000171675,,0.000773487,1,0.02,0.0485919,0,0,0,0,0.0,0.0,0.0,0.0,0.0,0.0,0.0,0.0
2.75,0.544,0.155094,0.0793053,0.519319,0.141384,0.0843699,-0.0246815,-0.0137108,0.0050647,0.028684728776476168,1,0.03,-0.00353635,0.015938,-0.0235206,0.000255359,,-0.0034626,1,0.01,0.0576024,0,0,0,0,0.0,0.0,0.0,0.0,0.0,0.0,0.0,0.0
3.0,0.596,0.168193,0.0863931,0.567642,0.161635,0.0668566,-0.028358,-0.00655824,-0.0195365,0.03505512099747482,1,0.08,0.00238109,-0.0333274,-0.00891264,0.000138986,,-0.0020847,1,0.02,0.0612059,0,0,0,0,0.0,0.0,0.0,0.0,0.0,0.0,0.0,0.0
3.25,0.644,0.179878,0.0928186,0.616863,0.179122,0.0810173,-0.0271374,-0.000755434,-0.0118013,0.029602024271633113,1,0.03,0.000652445,-0.0143296,-0.0175769,0.00117844,,-0.0113085,1,0.01,0.0753496,0,0,0,0,0.0,0.0,0.0,0.0,0.0,0.0,0.0,0.0
3.5,0.696,0.192065,0.0996426,0.669971,0.173734,0.0868555,-0.0260294,-0.0183308,-0.0127871,0.034308276252385514,1,0.08,-0.00449319,0.0472121,-0.0200246,0.00205664,,-0.0131662,1,0.02,0.082687,0,0,0,0,0.0,0.0,0.0,0.0,0.0,0.0,0.0,0.0
3.75,0.744,0.202852,0.105807,0.723136,0.186204,0.0684877,-0.020864,-0.0166484,-0.0373189,0.04588219715499684,1,0.03,-0.00403203,-0.0217133,0.00368257,0.00122016,,0.0143729,1,0.01,0.0610286,0,0,0,0,0.0,0.0,0.0,0.0,0.0,0.0,0.0,0.0
4.0,0.796,0.214007,0.112328,0.761766,0.192692,0.090184,-0.0342343,-0.0213152,-0.0221445,0.04600765075267373,1,0.08,0.0385115,-0.00403218,-0.00679653,0.000812541,,0.00374997,1,0.02,0.0753054,0,0,0,0,0.0,0.0,0.0,0.0,0.0,0.0,0.0,0.0
4.25,0.844,0.223788,0.118196,0.815534,0.198363,0.126415,-0.0284655,-0.0254251,0.00821902,0.03904193501890499,1,0.03,-0.0137758,-0.00264514,-0.0222664,0.000605187,,0.00585823,1,0.01,0.0775589,0,0,0,0,0.0,0.0,0.0,0.0,0.0,0.0,0.0,0.0
4.5,0.896,0.233798,0.124379,0.867317,0.206794,0.102604,-0.0286834,-0.0270038,-0.0217756,0.045012436118921625,1,0.08,-0.00353911,-0.0136767,-0.0101535,2.01684e-05,,0.00529021,1,0.02,0.0822265,0,0,0,0,0.0,0.0,0.0,0.0,0.0,0.0,0.0,0.0
4.75,0.944,0.242475,0.129918,0.915497,0.214512,0.101936,-0.0285034,-0.0279635,-0.0279826,0.04875886633803128,1,0.03,0.0105925,-0.0133436,-0.0313799,-0.0013168,,0.0167099,1,0.01,0.0747747,0,0,0,0,0.0,0.0,0.0,0.0,0.0,0.0,0.0,0.0
5.0,0.996,0.251241,0.135728,0.96198,0.224074,0.114412,-0.03402,-0.0271672,-0.0213155,0.048474402483063166,1,0.08,0.0120897,-0.0182274,-0.0321796,-0.00302441,,0.0158948,1,0.02,0.0784658,0,0,0,0,0.0,0.0,0.0,0.0,0.0,0.0,0.0,0.0
5.25,1.044,0.258728,0.140906,1.01275,0.229928,0.120981,-0.0312475,-0.0287996,-0.0199257,0.046934600636417474,1,0.03,-0.00241499,-0.00261608,-0.0174513,-0.00329694,,0.00266098,1,0.01,0.0944188,0,0,0,0,0.0,0.0,0.0,0.0,0.0,0.0,0.0,0.0
5.5,1.096,0.266162,0.14631,1.07077,0.238776,0.155134,-0.0252348,-0.027386,0.00882397,0.038270753501870064,1,0.08,-0.0228472,-0.00891778,-0.0324013,-0.00212728,,-0.017809,1,0.02,0.118664,0,0,0,0,0.0,0.0,0.0,0.0,0.0,0.0,0.0,0.0
5.75,1.144,0.272384,0.151099,1.12409,0.244264,0.154216,-0.0199055,-0.02812,0.00311739,0.03459308385591114,1,0.03,-0.00106163,-0.00277511,-0.0178303,-0.0019914,,-9.18081e-05,1,0.01,0.106628,0,0,0,0,0.0,0.0,0.0,0.0,0.0,0.0,0.0,0.0
6.0,1.196,0.278412,0.156065,1.17798,0.254814,0.165816,-0.0180166,-0.0235976,0.00975061,0.031249303939321592,1,0.08,-0.00201322,-0.0198231,-0.00626888,-0.00410146,,0.0199071,1,0.02,0.0907118,0,0,0,0,0.0,0.0,0.0,0.0,0.0,0.0,0.0,0.0
6.25,1.244,0.283306,0.160438,1.23231,0.25744,0.136796,-0.0116898,-0.0258653,-0.023642,0.03694061900036327,1,0.03,0.000911641,0.00864303,0.00606123,-0.00471641,,0.00691888,1,0.01,0.105888,0,0,0,0,0.0,0.0,0.0,0.0,0.0,0.0,0.0,0.0
6.5,1.296,0.287867,0.16494,1.28198,0.255363,0.169228,-0.0140208,-0.0325046,0.0042873,0.03565827807241959,1,0.08,0.0178365,0.0181861,-0.007892,-0.00425889,,-0.00926985,1,0.02,0.125223,0,0,0,0,0.0,0.0,0.0,0.0,0.0,0.0,0.0,0.0
6.75,1.344,0.291385,0.168873,1.32653,0.257518,0.154161,-0.017466,-0.0338675,-0.0147118,0.040847347178121614,1,0.03,0.0281274,-0.00389286,-0.0196581,-0.00365566,,-0.0066909,1,0.01,0.127225,0,0,0,0,0.0,0.0,0.0,0.0,0.0,0.0,0.0,0.0
7.0,1.396,0.294435,0.172885,1.3742,0.253872,0.180722,-0.0218032,-0.0405627,0.00783752,0.046713369406203194,1,0.08,0.0126786,0.0129978,0.0191244,-0.00325972,,-0.00743382,1,0.02,0.132336,0,0,0,0,0.0,0.0,0.0,0.0,0.0,0.0,0.0,0.0
7.25,1.444,0.296541,0.176354,1.42706,0.258692,0.1575,-0.0169393,-0.0378493,-0.018854,0.045551978123677575,1,0.03,-0.00955984,-0.0170881,0.0228121,-0.00278697,,-0.00545342,1,0.01,0.134692,0,0,0,0,0.0,0.0,0.0,0.0,0.0,0.0,0.0,0.0
7.5,1.496,0.298048,0.179854,1.47612,0.259144,0.149562,-0.0198838,-0.0389047,-0.0302917,0.0531651039067921,1,0.08,0.00800052,-0.00405771,-0.0156093,-0.00190883,,-0.0129993,1,0.02,0.146331,0,0,0,0,0.0,0.0,0.0,0.0,0.0,0.0,0.0,0.0
7.75,1.544,0.298722,0.18284,1.52703,0.269238,0.198164,-0.0169723,-0.0294843,0.0153232,0.0373119735744439,1,0.03,-0.00431242,-0.0392153,-0.00731079,-0.00358191,,0.020981,1,0.01,0.116942,0,0,0,0,0.0,0.0,0.0,0.0,0.0,0.0,0.0,0.0
8.0,1.596,0.298672,0.185808,1.57967,0.263498,0.179632,-0.016333,-0.0351742,-0.00617579,0.03926998366136788,1,0.08,-0.00399958,0.0211176,0.0264548,-0.00380724,,0.000501452,1,0.02,0.139235,0,0,0,0,0.0,0.0,0.0,0.0,0.0,0.0,0.0,0.0
8.25,1.644,0.297906,0.188295,1.63385,0.274428,0.181617,-0.0101514,-0.0234788,-0.0066786,0.026436880855350543,1,0.03,-0.0132159,-0.0351869,-0.00144348,-0.00288207,,-0.0124813,1,0.01,0.155445,0,0,0,0,0.0,0.0,0.0,0.0,0.0,0.0,0.0,0.0
8.5,1.696,0.296299,0.190714,1.68766,0.268993,0.206306,-0.00834303,-0.0273067,0.0155923,0.03253278091035103,1,0.08,-0.00126121,0.0210756,-0.0145433,-0.00195401,,-0.0143402,1,0.02,0.161494,0,0,0,0,0.0,0.0,0.0,0.0,0.0,0.0,0.0,0.0
8.75,1.744,0.294102,0.192688,1.73528,0.26932,0.204374,-0.00871572,-0.0247826,0.0116858,0.028752373111073804,1,0.03,0.0136103,-0.00653522,0.0197924,-0.00173158,,-0.00192879,1,0.01,0.153394,0,0,0,0,0.0,0.0,0.0,0.0,0.0,0.0,0.0,0.0
9.0,1.796,0.290954,0.194545,1.78571,0.265177,0.216333,-0.0102938,-0.0257771,0.0217888,0.03528700905843395,1,0.08,0.00495897,0.0066585,-0.00780088,-0.00213953,,0.00332809,1,0.02,0.151428,0,0,0,0,0.0,0.0,0.0,0.0,0.0,0.0,0.0,0.0
9.25,1.844,0.287347,0.195995,1.82842,0.250193,0.236831,-0.0155765,-0.0371548,0.0408359,0.05736442489993254,1,0.03,0.0330073,0.0362135,-0.0370536,-0.000933704,,-0.0134677,1,0.01,0.171105,0,0,0,0,0.0,0.0,0.0,0.0,0.0,0.0,0.0,0.0
9.5,1.896,0.28269,0.197278,1.88299,0.244807,0.218563,-0.0130104,-0.0378828,0.0212849,0.045358836096288886,1,0.08,-0.0196725,0.00361269,0.028606,-0.000267171,,-0.0117716,1,0.02,0.173328,0,0,0,0,0.0,0.0,0.0,0.0,0.0,0.0,0.0,0.0
9.75,1.944,0.277709,0.198196,1.93646,0.237728,0.206354,-0.00754476,-0.0399812,0.00815862,0.041496781046269124,1,0.03,-0.0121197,0.00299117,0.0173721,2.41947e-05,,-0.00256133,1,0.01,0.167816,0,0,0,0,0.0,0.0,0.0,0.0,0.0,0.0,0.0,0.0
10.0,1.996,0.271589,0.198899,1.9887,0.235073,0.187805,-0.00730326,-0.036516,-0.0110936,0.03885645150534979,1,0.08,-0.00854267,-0.0133259,0.00704845,0.000402272,,-0.00699036,1,0.02,0.175215,0,0,0,0,0.0,0.0,0.0,0.0,0.0,0.0,0.0,0.0
10.25,2.044,0.265285,0.199279,2.03413,0.231226,0.190923,-0.00986706,-0.0340587,-0.00835581,0.036430392250011524,1,0.03,0.0145837,-0.0161252,0.00339818,-8.54449e-05,,0.00866326,1,0.01,0.162668,0,0,0,0,0.0,0.0,0.0,0.0,0.0,0.0,0.0,0.0
10.5,2.096,0.257763,0.199398,2.08362,0.221807,0.198555,-0.0123762,-0.0359557,-0.000843716,0.03803543802322587,1,0.08,0.000865687,0.0097041,0.0249046,0.000855634,,-0.0152376,1,0.02,0.188571,0,0,0,0,0.0,0.0,0.0,0.0,0.0,0.0,0.0,0.0
10.75,2.144,0.250198,0.199238,2.12953,0.214569,0.19524,-0.0144717,-0.0356285,-0.0039987,0.03866276910452742,1,0.03,0.0109003,-0.00647948,0.0219201,0.000844734,,0.00280847,1,0.01,0.174018,0,0,0,0,0.0,0.0,0.0,0.0,0.0,0.0,0.0,0.0
11.0,2.196,0.241349,0.198773,2.17503,0.204437,0.206708,-0.0209652,-0.0369116,0.00793467,0.04318523837619633,1,0.08,0.0122968,0.00519568,-0.0200432,0.00189435,,-0.0182818,1,0.02,0.197241,0,0,0,0,0.0,0.0,0.0,0.0,0.0,0.0,0.0,0.0
11.25,2.244,0.232598,0.198074,2.22804,0.187755,0.190368,-0.0159602,-0.0448432,-0.00770618,0.04821852113526917,1,0.03,-0.0136385,0.025303,0.0162089,0.00216516,,-0.00186029,1,0.01,0.184236,0,0,0,0,0.0,0.0,0.0,0.0,0.0,0.0,0.0,0.0
11.5,2.296,0.222512,0.197027,2.26953,0.172604,0.191605,-0.0264693,-0.0499074,-0.00542212,0.056751844045320674,1,0.08,0.0238931,0.00570455,0.00785463,0.00217889,,-0.00144227,1,0.02,0.186076,0,0,0,0,0.0,0.0,0.0,0.0,0.0,0.0,0.0,0.0
11.75,2.344,0.212663,0.195793,2.32291,0.159805,0.185721,-0.0210911,-0.052858,-0.0100719,0.057794859916951095,1,0.03,-0.0224526,-0.000588786,-0.00664728,0.00160026,,0.0112265,1,0.01,0.175516,0,0,0,0,0.0,0.0,0.0,0.0,0.0,0.0,0.0,0.0
12.0,2.396,0.201439,0.19417,2.36801,0.150866,0.203432,-0.0279943,-0.0505726,0.00926225,0.05854107940850169,1,0.08,0.00488767,-0.0168885,-0.00312499,0.00207001,,-0.00856522,1,0.02,0.196551,0,0,0,0,0.0,0.0,0.0,0.0,0.0,0.0,0.0,0.0
12.25,2.444,0.190591,0.192408,2.42194,0.137454,0.19693,-0.0220601,-0.0531371,0.00452241,0.05771179775945383,1,0.03,-0.0256366,0.0010966,0.000834533,0.00195356,,0.00495791,1,0.01,0.185366,0,0,0,0,0.0,0.0,0.0,0.0,0.0,0.0,0.0,0.0
12.5,2.496,0.178342,0.190217,2.47022,0.130256,0.211054,-0.0257831,-0.048086,0.0208365,0.05840540534796416,1,0.08,-0.00694167,-0.0219937,-0.038201,0.0023854,,-0.00903498,1,0.02,0.200703,0,0,0,0,0.0,0.0,0.0,0.0,0.0,0.0,0.0,0.0
12.75,2.544,0.166603,0.187937,2.51733,0.11785,0.206645,-0.0266653,-0.0487525,0.0187081,0.05863307501700725,1,0.03,-0.00259829,-0.00899935,-0.00188757,0.00168308,,0.0143627,1,0.01,0.179386,0,0,0,0,0.0,0.0,0.0,0.0,0.0,0.0,0.0,0.0
13.0,2.596,0.15345,0.185192,2.56892,0.0960478,0.186709,-0.0270774,-0.0574027,0.00151722,0.06348667194441995,1,0.08,-0.012689,0.0252672,0.00648213,0.00113159,,0.00980963,1,0.02,0.184591,0,0,0,0,0.0,0.0,0.0,0.0,0.0,0.0,0.0,0.0
13.25,2.644,0.140938,0.182407,2.62337,0.0845126,0.204421,-0.0206308,-0.0564253,0.0220146,0.06398505295684297,1,0.03,-0.0283973,-0.0102075,0.00978381,0.00136994,,-0.00251459,1,0.01,0.197682,0,0,0,0,0.0,0.0,0.0,0.0,0.0,0.0,0.0,0.0
13.5,2.696,0.127014,0.179122,2.66725,0.0729228,0.196804,-0.0287531,-0.0540911,0.0176814,0.06375907594044945,1,0.08,0.00958269,-0.0188034,-0.0126284,0.000966386,,0.00702394,1,0.02,0.189474,0,0,0,0,0.0,0.0,0.0,0.0,0.0,0.0,0.0,0.0
13.75,2.744,0.113853,0.175847,2.71713,0.0623208,0.177311,-0.0268657,-0.0515318,0.00146323,0.058132893354476176,1,0.03,-0.0143165,-0.0174051,-0.0131958,0.0005229,,0.00991359,1,0.01,0.187277,0,0,0,0,0.0,0.0,0.0,0.0,0.0,0.0,0.0,0.0
14.0,2.796,0.0992964,0.172042,2.76778,0.0479445,0.166435,-0.0282237,-0.0513519,-0.00560665,0.058864500333583904,1,0.08,-0.0131095,0.00339613,0.00991265,0.00120237,,-0.0131802,1,0.02,0.210778,0,0,0,0,0.0,0.0,0.0,0.0,0.0,0.0,0.0,0.0
14.25,2.844,0.0856179,0.168296,2.81684,0.0333076,0.183632,-0.027161,-0.0523103,0.0153361,0.06090388633166196,1,0.03,-0.00878837,-0.000762861,0.0322,0.00143527,,-0.00335943,1,0.01,0.202451,0,0,0,0,0.0,0.0,0.0,0.0,0.0,0.0,0.0,0.0
14.5,2.896,0.0705748,0.163991,2.86723,0.0239625,0.151635,-0.028768,-0.0466123,-0.0123558,0.05615131457882353,1,0.08,-0.0158542,-0.0149606,-0.0232006,0.00172319,,-0.00541452,1,0.02,0.20538,0,0,0,0,0.0,0.0,0.0,0.0,0.0,0.0,0.0,0.0
14.75,2.944,0.0565157,0.159795,2.9161,0.00710956,0.132428,-0.0278977,-0.0494061,-0.0273667,0.06299349689761635,1,0.03,-0.00725638,0.00778847,0.0116796,0.00100858,,0.0147873,1,0.01,0.186022,0,0,0,0,0.0,0.0,0.0,0.0,0.0,0.0,0.0,0.0
15.0,2.996,0.041136,0.155015,2.96879,0.000702683,0.1596,-0.0272074,-0.0404333,0.00458564,0.04895020385922412,1,0.08,-0.0248638,-0.0230096,-0.0226788,0.000943129,,0.00295156,1,0.02,0.197612,0,0,0,0,0.0,0.0,0.0,0.0,0.0,0.0,0.0,0.0
15.25,3.044,0.0268368,0.150392,3.01707,-0.0159677,0.162279,-0.0269301,-0.0428045,0.0118874,0.05194964663036699,1,0.03,-0.000873148,0.0101893,-0.000267621,0.000595926,,0.00799489,1,0.01,0.19278,0,0,0,0,0.0,0.0,0.0,0.0,0.0,0.0,0.0,0.0
15.5,3.096,0.0112742,0.145163,3.06232,-0.029183,0.13864,-0.0336827,-0.0404572,-0.00652374,0.05304590931181782,1,0.08,0.00860209,0.000871636,-0.0227525,0.00100001,,-0.008813,1,0.02,0.209361,0,0,0,0,0.0,0.0,0.0,0.0,0.0,0.0,0.0,0.0
15.75,3.144,-0.00312219,0.14014,3.11545,-0.0451678,0.168188,-0.0285477,-0.0420456,0.0280483,0.058047487349066194,1,0.03,-0.0194845,0.0146734,-0.00770029,0.0011874,,-0.00249365,1,0.01,0.203534,0,0,0,0,0.0,0.0,0.0,0.0,0.0,0.0,0.0,0.0
16.0,3.196,-0.0187122,0.134493,3.16773,-0.0578998,0.11677,-0.0282742,-0.0391875,-0.0177231,0.05147036832489156,1,0.08,-0.0185621,-0.00187914,0.0294084,0.000639131,,0.0137809,1,0.02,0.187391,0,0,0,0,0.0,0.0,0.0,0.0,0.0,0.0,0.0,0.0
16.25,3.244,-0.033062,0.129097,3.21383,-0.0751607,0.146267,-0.0301657,-0.0420987,0.0171697,0.05456252006890811,1,0.03,0.00751283,0.0106267,-0.00393876,-6.00912e-05,,0.014598,1,0.01,0.185766,0,0,0,0,0.0,0.0,0.0,0.0,0.0,0.0,0.0,0.0
16.5,3.292,-0.0473384,0.123533,3.26795,-0.0967138,0.11605,-0.0240528,-0.0493755,-0.00748302,0.05542989064043335,1,0.08,-0.0182446,0.0304513,0.0326407,-0.000538317,,0.0095323,1,0.02,0.189774,0,0,0,0,0.0,0.0,0.0,0.0,0.0,0.0,0.0,0.0
16.75,3.344,-0.0626834,0.117325,3.3135,-0.114432,0.130184,-0.0304968,-0.0517482,0.0128592,0.061427111588613706,1,0.03,0.00908565,0.00832039,-0.0207208,-0.00127628,,0.0157197,1,0.01,0.182679,0,0,0,0,0.0,0.0,0.0,0.0,0.0,0.0,0.0,0.0
17.0,3.396,-0.0778623,0.110937,3.36129,-0.140697,0.112558,-0.0347133,-0.0628342,0.00162124,0.07180374854885782,1,0.08,0.00740567,0.0413469,0.00743319,-0.00106648,,-0.00500939,1,0.02,0.202114,0,0,0,0,0.0,0.0,0.0,0.0,0.0,0.0,0.0,0.0
17.25,3.444,-0.0916906,0.104889,3.40953,-0.149076,0.13997,-0.0344689,-0.0573857,0.0350803,0.075576789292679,1,0.03,-0.00609271,-0.0177844,-0.00804931,0.000199854,,-0.0295969,1,0.01,0.226121,0,0,0,0,0.0,0.0,0.0,0.0,0.0,0.0,0.0,0.0
17.5,3.496,-0.106435,0.0981841,3.4631,-0.16389,0.0821292,-0.0328987,-0.0574549,-0.0160549,0.06812598483478972,1,0.08,-0.0222459,0.00483599,-0.022952,6.91348e-05,,0.00426008,1,0.02,0.192732,0,0,0,0,0.0,0.0,0.0,0.0,0.0,0.0,0.0,0.0
17.75,3.544,-0.119794,0.091861,3.51505,-0.173255,0.0881545,-0.0289543,-0.053461,-0.00370645,0.06091114660792801,1,0.03,-0.0162627,-0.0131574,-0.00201692,0.000132557,,-0.000540069,1,0.01,0.196487,0,0,0,0,0.0,0.0,0.0,0.0,0.0,0.0,0.0,0.0
18.0,3.596,-0.133956,0.084876,3.56646,-0.189027,0.0764477,-0.0295433,-0.0550709,-0.00842832,0.06306066269650518,1,0.08,-0.00680293,0.0131712,0.00273758,0.000531595,,-0.00763868,1,0.02,0.202615,0,0,0,0,0.0,0.0,0.0,0.0,0.0,0.0,0.0,0.0
18.25,3.644,-0.146712,0.0783127,3.61496,-0.191211,0.0979685,-0.0290378,-0.0444996,0.0196558,0.05665473239403748,1,0.03,-0.00619595,-0.0411664,0.0218578,-4.10731e-05,,0.0147519,1,0.01,0.179379,0,0,0,0,0.0,0.0,0.0,0.0,0.0,0.0,0.0,0.0
18.5,3.696,-0.160151,0.0710873,3.6679,-0.214799,0.0776265,-0.0280967,-0.0546479,0.00653921,0.061794650195013644,1,0.08,-0.00599991,0.0442429,0.0191987,-0.000113582,,0.00282212,1,0.02,0.189487,0,0,0,0,0.0,0.0,0.0,0.0,0.0,0.0,0.0,0.0
18.75,3.744,-0.172176,0.0643207,3.72307,-0.229006,0.080798,-0.0209293,-0.0568302,0.0164773,0.06276311532914854,1,0.03,-0.016923,0.0135232,0.0109204,0.000165395,,-0.00857369,1,0.01,0.199245,0,0,0,0,0.0,0.0,0.0,0.0,0.0,0.0,0.0,0.0
19.0,3.796,-0.184757,0.0568956,3.76947,-0.242209,0.058113,-0.026529,-0.057452,0.00121743,0.06329298761162172,1,0.08,0.0132229,0.00405288,-0.000649609,0.000583591,,-0.00888121,1,0.02,0.198396,0,0,0,0,0.0,0.0,0.0,0.0,0.0,0.0,0.0,0.0
19.25,3.844,-0.195932,0.0499638,3.80641,-0.253011,0.0360171,-0.0375867,-0.0570792,-0.0139467,0.06975174213179194,1,0.03,0.0418325,-0.0118555,0.0106121,0.00045361,,0.0019406,1,0.01,0.186314,0,0,0,0,0.0,0.0,0.0,0.0,0.0,0.0,0.0,0.0
19.5,3.896,-0.20753,0.0423806,3.85657,-0.265422,0.048993,-0.0394316,-0.0578922,0.00661234,0.07035681160822739,1,0.08,-0.007104,0.00783624,-0.00740208,0.000555212,,0.000213271,1,0.02,0.186136,0,0,0,0,0.0,0.0,0.0,0.0,0.0,0.0,0.0,0.0
19.75,3.944,-0.217742,0.0353225,3.91087,-0.274046,0.0109105,-0.0331266,-0.056304,-0.024412,0.06973849573628614,1,0.03,-0.0234143,0.000818332,-0.0176291,0.000664375,,-0.00293321,1,0.01,0.18739,0,0,0,0,0.0,0.0,0.0,0.0,0.0,0.0,0.0,0.0
20.0,3.996,-0.228241,0.027624,3.9598,-0.27442,0.019097,-0.0362011,-0.0461791,-0.00852704,0.05929367022863065,1,0.08,-0.00537153,-0.0261168,0.0114558,0.00149726,,-0.0165724,1,0.02,0.199232,0,0,0,0,0.0,0.0,0.0,0.0,0.0,0.0,0.0,0.0
20.25,4.044,-0.237388,0.0204793,4.0107,-0.281383,0.0555595,-0.0332989,-0.0439951,0.0350802,0.06538353001528749,1,0.03,-0.0069155,0.00753171,-0.00352007,0.00257555,,-0.0298182,1,0.01,0.211055,0,0,0,0,0.0,0.0,0.0,0.0,0.0,0.0,0.0,0.0
20.5,4.096,-0.246683,0.0127087,4.06619,-0.290254,0.00892008,-0.0298114,-0.0435708,-0.00378861,0.05292908225476897,1,0.08,-0.0230713,0.0126019,0.010391,0.00283933,,-0.00321213,1,0.02,0.183354,0,0,0,0,0.0,0.0,0.0,0.0,0.0,0.0,0.0,0.0
20.75,4.144,-0.254675,0.00551758,4.1191,-0.300032,-0.018665,-0.0249025,-0.0453574,-0.0241825,0.05711586073289975,1,0.03,-0.00753148,0.015307,0.0382213,0.00323574,,-0.0127808,1,0.01,0.190752,0,0,0,0,0.0,0.0,0.0,0.0,0.0,0.0,0.0,0.0
21.0,4.196,-0.262673,-0.00228145,4.17579,-0.318175,-0.000760446,-0.0202127,-0.0555019,0.001521,0.05908745709454757,1,0.08,-0.0140967,0.0481886,0.0144143,0.00369863,,-0.0113897,1,0.02,0.187354,0,0,0,0,0.0,0.0,0.0,0.0,0.0,0.0,0.0,0.0
21.25,4.244,-0.269429,-0.00947855,4.22606,-0.330822,-0.0136957,-0.0179399,-0.0613934,-0.00421713,0.06409971732392351,1,0.03,0.00465851,0.0196225,-0.00814173,0.00364581,,-0.000988046,1,0.01,0.174806,0,0,0,0,0.0,0.0,0.0,0.0,0.0,0.0,0.0,0.0
21.5,4.296,-0.27605,-0.0172621,4.28055,-0.333263,-0.0293797,-0.0154483,-0.0572134,-0.0121176,0.06048850586855324,1,0.08,-0.0152042,-0.0101649,-0.00848845,0.00432847,,-0.0138882,1,0.02,0.185042,0,0,0,0,0.0,0.0,0.0,0.0,0.0,0.0,0.0,0.0
21.75,4.344,-0.281503,-0.0244248,4.33239,-0.339907,-0.0215132,-0.0116148,-0.0584045,0.00291152,0.059619343740101666,1,0.03,-0.00613185,0.000598916,-0.0392592,0.00372766,,0.0154724,1,0.01,0.153489,0,0,0,0,0.0,0.0,0.0,0.0,0.0,0.0,0.0,0.0
22.0,4.396,-0.286681,-0.0321491,4.38013,-0.345712,-0.0253779,-0.0158736,-0.0590318,0.00677126,0.061502638562809644,1,0.08,0.0107601,-0.00140793,-0.0096137,0.00342869,,0.0121715,1,0.02,0.153405,0,0,0,0,0.0,0.0,0.0,0.0,0.0,0.0,0.0,0.0
22.25,4.444,-0.290776,-0.039237,4.42857,-0.344218,-0.0346611,-0.0154278,-0.0534427,0.00457589,0.055812883507503,1,0.03,0.00542381,-0.0195725,0.0132117,0.00350526,,-0.00242125,1,0.01,0.164644,0,0,0,0,0.0,0.0,0.0,0.0,0.0,0.0,0.0,0.0
22.5,4.496,-0.294459,-0.0468588,4.48295,-0.346487,-0.0582914,-0.0130544,-0.0520278,-0.0114326,0.054845361471686914,1,0.08,-0.0154961,0.000744731,-0.00751081,0.00354027,,0.00543138,1,0.02,0.153875,0,0,0,0,0.0,0.0,0.0,0.0,0.0,0.0,0.0,0.0
22.75,4.544,-0.297156,-0.053832,4.53671,-0.351082,-0.0473085,-0.00729268,-0.0539266,0.00652349,0.05480709161160169,1,0.03,-0.00899669,0.0129458,0.000363392,0.00350173,,-0.00179307,1,0.01,0.157793,0,0,0,0,0.0,0.0,0.0,0.0,0.0,0.0,0.0,0.0
23.0,4.596,-0.299307,-0.0613083,4.58975,-0.352787,-0.0529277,-0.00624733,-0.0534796,0.00838062,0.05449157310881473,1,0.08,-0.00812862,0.00661311,-0.0403537,0.00388977,,-0.00519048,1,0.02,0.158037,0,0,0,0,0.0,0.0,0.0,0.0,0.0,0.0,0.0,0.0
23.25,4.644,-0.300578,-0.0681278,4.64187,-0.344563,-0.0621051,-0.00212989,-0.0439851,0.00602268,0.04444657610890292,1,0.03,-0.00615258,-0.0271713,0.00694361,0.00396149,,-0.00111154,1,0.01,0.150862,0,0,0,0,0.0,0.0,0.0,0.0,0.0,0.0,0.0,0.0
23.5,4.692,-0.30116,-0.0748597,4.69517,-0.342606,-0.0934849,0.0031718,-0.0414464,-0.0186251,0.04554951962655589,1,0.08,-0.00718493,-0.00145951,0.00255696,0.00356083,,0.00917557,1,0.02,0.137242,0,0,0,0,0.0,0.0,0.0,0.0,0.0,0.0,0.0,0.0
23.75,4.744,-0.30101,-0.0820438,4.73847,-0.347904,-0.0579844,-0.00553442,-0.0468946,0.0240595,0.052996158862189245,1,0.03,0.0345316,0.0230949,0.0249702,0.00366702,,0.000736803,1,0.01,0.14194,0,0,0,0,0.0,0.0,0.0,0.0,0.0,0.0,0.0,0.0
24.0,4.796,-0.300049,-0.0891041,4.79101,-0.352191,-0.0528355,-0.00499386,-0.0521412,0.0362686,0.06371071119599592,1,0.08,-0.00374054,0.0292448,-0.0284252,0.00416672,,-0.0100024,1,0.02,0.148987,0,0,0,0,0.0,0.0,0.0,0.0,0.0,0.0,0.0,0.0
24.25,4.844,-0.298446,-0.095502,4.84044,-0.353676,-0.0627464,-0.00356347,-0.0552302,0.0327556,0.0643117613025868,1,0.03,0.00754774,0.0136408,0.0204536,0.00395134,,0.00335102,1,0.01,0.132254,0,0,0,0,0.0,0.0,0.0,0.0,0.0,0.0,0.0,0.0
24.5,4.896,-0.295936,-0.102294,4.8826,-0.359502,-0.0736198,-0.0134006,-0.0635659,0.0286743,0.07100996552357984,1,0.08,0.0317306,0.0253082,-0.00688346,0.00384559,,0.00692552,1,0.02,0.124793,0,0,0,0,0.0,0.0,0.0,0.0,0.0,0.0,0.0,0.0
24.75,4.944,-0.292912,-0.108427,4.93688,-0.360458,-0.117677,-0.00711733,-0.0675465,-0.00925021,0.06854744658718515,1,0.03,-0.0171147,0.0139329,-0.01279,0.0036341,,0.00288951,1,0.01,0.124659,0,0,0,0,0.0,0.0,0.0,0.0,0.0,0.0,0.0,0.0
25.0,4.996,-0.288877,-0.114912,4.96851,-0.371346,-0.105316,-0.0274869,-0.0824689,0.00959584,0.0874570139218439,1,0.08,0.0667416,0.0351168,-0.016863,0.00320012,,0.0154019,1,0.02,0.108139,0,0,0,0,0.0,0.0,0.0,0.0,0.0,0.0,0.0,0.0
25.25,5.044,-0.284463,-0.120745,5.01875,-0.368845,-0.126591,-0.0252453,-0.0843821,-0.00584608,0.08827140320549119,1,0.03,-0.0121775,-0.00302926,-0.00147101,0.00296619,,0.00517661,1,0.01,0.113748,0,0,0,0,0.0,0.0,0.0,0.0,0.0,0.0,0.0,0.0
25.5,5.096,-0.278944,-0.126888,5.06548,-0.370622,-0.117283,-0.0305156,-0.0916772,0.00960436,0.09709868471925662,1,0.08,0.00145877,0.0139393,-0.0183429,0.00311546,,0.000918049,1,0.02,0.113791,0,0,0,0,0.0,0.0,0.0,0.0,0.0,0.0,0.0,0.0
25.75,5.144,-0.273184,-0.132388,5.116,-0.351136,-0.108176,-0.0279953,-0.0779524,0.0242113,0.08629310827372022,1,0.03,-0.0199531,-0.0567842,0.00837476,0.00311411,,-0.000833092,1,0.01,0.111304,0,0,0,0,0.0,0.0,0.0,0.0,0.0,0.0,0.0,0.0
26.0,5.196,-0.266236,-0.138153,5.17055,-0.339485,-0.119314,-0.0254496,-0.0732491,0.0188395,0.07979999718809519,1,0.08,-0.0288289,-0.014649,0.0197004,0.00391487,,-0.0179864,1,0.02,0.124393,0,0,0,0,0.0,0.0,0.0,0.0,0.0,0.0,0.0,0.0
26.25,5.244,-0.259187,-0.14329,5.22658,-0.335231,-0.127772,-0.0174178,-0.0760443,0.0155177,0.0795419029984825,1,0.03,-0.0302757,0.00963061,-0.00167591,0.00352975,,0.00894334,1,0.01,0.0937884,0,0,0,0,0.0,0.0,0.0,0.0,0.0,0.0,0.0,0.0
26.5,5.296,-0.25088,-0.148645,5.27272,-0.3257,-0.149598,-0.0232793,-0.0748203,-0.00095315,0.07836396873246339,1,0.08,0.00440291,-0.00470574,-0.0500188,0.00426169,,-0.0173414,1,0.02,0.115492,0,0,0,0,0.0,0.0,0.0,0.0,0.0,0.0,0.0,0.0
26.75,5.344,-0.242613,-0.153389,5.326,-0.307595,-0.106367,-0.0179958,-0.0649827,0.0470221,0.08220509719804484,1,0.03,-0.0252157,-0.0329852,-0.00191689,0.00395704,,0.00878374,1,0.01,0.0854876,0,0,0,0,0.0,0.0,0.0,0.0,0.0,0.0,0.0,0.0
27.0,5.396,-0.233029,-0.158305,5.37123,-0.29964,-0.175806,-0.0247684,-0.0666108,-0.0175013,0.07318994341362753,1,0.08,0.0120528,0.00980584,0.0375167,0.00410523,,0.000720855,1,0.02,0.0889013,0,0,0,0,0.0,0.0,0.0,0.0,0.0,0.0,0.0,0.0
27.25,5.444,-0.223626,-0.16263,5.42241,-0.284936,-0.193658,-0.0215863,-0.06131,-0.0310284,0.07202531537070839,1,0.03,-0.0159575,-0.0152668,-0.0190835,0.00341332,,0.0204805,1,0.01,0.0645964,0,0,0,0,0.0,0.0,0.0,0.0,0.0,0.0,0.0,0.0
27.5,5.496,-0.212862,-0.167078,5.48054,-0.277326,-0.153692,-0.0154555,-0.0644641,0.0133859,0.06762895081154223,1,0.08,-0.0354949,0.018797,-0.028179,0.00344422,,0.00589513,1,0.02,0.0740648,0,0,0,0,0.0,0.0,0.0,0.0,0.0,0.0,0.0,0.0
27.75,5.544,-0.202417,-0.17096,5.52667,-0.271935,-0.173804,-0.0173281,-0.0695174,-0.00284495,0.07170094624809703,1,0.03,0.0139354,0.0244128,0.0552792,0.00287783,,0.0116777,1,0.01,0.0634486,0,0,0,0,0.0,0.0,0.0,0.0,0.0,0.0,0.0,0.0
28.0,5.596,-0.19058,-0.174915,5.57455,-0.256906,-0.170718,-0.0214475,-0.0663264,0.00419699,0.0698340985355299,1,0.08,0.000659557,-0.00725696,-0.0125673,0.00332417,,-0.00724107,1,0.02,0.0773491,0,0,0,0,0.0,0.0,0.0,0.0,0.0,0.0,0.0,0.0
28.25,5.644,-0.179198,-0.178331,5.61483,-0.246531,-0.165215,-0.029168,-0.0673331,0.0131165,0.07454234468984726,1,0.03,0.0283569,0.0121777,-0.026674,0.00366572,,-0.0183284,1,0.01,0.0839633,0,0,0,0,0.0,0.0,0.0,0.0,0.0,0.0,0.0,0.0
28.5,5.696,-0.166406,-0.181772,5.66682,-0.231148,-0.1937,-0.0291763,-0.0647423,-0.0119278,0.07200759893108505,1,0.08,-0.0197278,-0.0080639,0.00713883,0.00361521,,0.0115491,1,0.02,0.0498574,0,0,0,0,0.0,0.0,0.0,0.0,0.0,0.0,0.0,0.0
28.75,5.744,-0.1542,-0.184704,5.7157,-0.22978,-0.182591,-0.0283031,-0.0755797,0.0021127,0.08073301693229357,1,0.03,-0.00360226,0.0457376,0.0129434,0.00349846,,-0.00317918,1,0.01,0.0595401,0,0,0,0,0.0,0.0,0.0,0.0,0.0,0.0,0.0,0.0
29.0,5.796,-0.140581,-0.187611,5.76028,-0.218487,-0.212553,-0.0357195,-0.0779061,-0.0249425,0.0892601333390781,1,0.08,0.00758124,6.347e-05,-0.0105322,0.00304331,,0.0233882,1,0.02,0.0281439,0,0,0,0,0.0,0.0,0.0,0.0,0.0,0.0,0.0,0.0
29.25,5.844,-0.127674,-0.190041,5.80813,-0.202615,-0.177046,-0.0358712,-0.0749411,0.0129954,0.08409394674891885,1,0.03,-0.00588143,-0.0133188,0.0119909,0.00228441,,0.022795,1,0.01,0.0232686,0,0,0,0,0.0,0.0,0.0,0.0,0.0,0.0,0.0,0.0
29.5,5.896,-0.113363,-0.192397,5.86479,-0.188639,-0.190295,-0.031206,-0.0752762,0.00210278,0.081515289401243,1,0.08,-0.0371395,-0.00298419,-0.0342997,0.00199135,,0.0198458,1,0.02,0.020766,0,0,0,0,0.0,0.0,0.0,0.0,0.0,0.0,0.0,0.0
29.75,5.944,-0.0998832,-0.194314,5.92202,-0.173471,-0.17566,-0.0219789,-0.0735875,0.0186534,0.0790325346488394,1,0.03,-0.0325088,0.00192851,0.0121588,0.00196075,,-0.00599066,1,0.01,0.0411602,0,0,0,0,0.0,0.0,0.0,0.0,0.0,0.0,0.0,0.0
30.0,5.996,-0.0850246,-0.196106,5.97794,-0.162445,-0.200866,-0.0180629,-0.0774207,-0.00475977,0.07964225358032569,1,0.08,-0.0242674,0.0156035,0.0146877,0.00217001,,0.00192548,1,0.02,0.0285376,0,0,0,0,0.0,0.0,0.0,0.0,0.0,0.0,0.0,0.0
30.25,6.044,-0.071107,-0.197497,6.02701,-0.151502,-0.159283,-0.0169887,-0.0803955,0.0382135,0.09062187335400873,1,0.03,0.00127327,0.0066775,-0.0251454,0.00138555,,0.0225932,1,0.01,0.00286116,0,0,0,0,0.0,0.0,0.0,0.0,0.0,0.0,0.0,0.0
30.5,6.096,-0.0558487,-0.198715,6.08861,-0.136862,-0.198575,-0.00739283,-0.0810134,0.000140395,0.08135013599082011,1,0.08,-0.0425919,0.00307083,0.0108265,0.00182056,,-0.010417,1,0.02,0.0302757,0,0,0,0,0.0,0.0,0.0,0.0,0.0,0.0,0.0,0.0
30.75,6.144,-0.0416322,-0.199573,6.13856,-0.122165,-0.204837,-0.00543665,-0.0805323,-0.00526367,0.0808870492006069,1,0.03,0.00480244,-0.0057822,-0.00456758,0.00101965,,0.0247698,1,0.01,-0.0096086,0,0,0,0,0.0,0.0,0.0,0.0,0.0,0.0,0.0,0.0
31.0,6.196,-0.0261268,-0.200211,6.1882,-0.108315,-0.20232,-0.00779963,-0.0821877,-0.0021091,0.08258390013941519,1,0.08,0.00506794,0.0014405,-0.0143258,0.00118341,,0.00193761,1,0.02,0.00761734,0,0,0,0,0.0,0.0,0.0,0.0,0.0,0.0,0.0,0.0
31.25,6.244,-0.0117534,-0.20053,6.23359,-0.0917684,-0.212771,-0.0104103,-0.080015,-0.0122408,0.08161257106432808,1,0.03,0.0199154,-0.0106833,-0.00882535,0.000450629,,0.0208714,1,0.01,-0.016386,0,0,0,0,0.0,0.0,0.0,0.0,0.0,0.0,0.0,0.0
31.5,6.296,0.00384417,-0.200584,6.27897,-0.0836113,-0.188301,-0.017031,-0.0874554,0.0122828,0.08994092019764974,1,0.08,0.0171034,0.0220257,0.0228824,7.52581e-05,,0.0213817,1,0.02,-0.0224308,0,0,0,0,0.0,0.0,0.0,0.0,0.0,0.0,0.0,0.0
31.75,6.344,0.0182308,-0.200364,6.3292,-0.0684611,-0.243491,-0.0147973,-0.0866919,-0.043127,0.09795092517123051,1,0.03,-0.0033188,0.00163181,0.00565381,0.000152339,,-0.0112282,1,0.01,0.00462293,0,0,0,0,0.0,0.0,0.0,0.0,0.0,0.0,0.0,0.0
32.0,6.396,0.0337648,-0.199833,6.37659,-0.0556113,-0.218493,-0.0194106,-0.0893761,-0.0186603,0.0933438023634135,1,0.08,0.00643304,0.00284692,-0.0070073,3.66847e-06,,0.0135726,1,0.02,-0.0249076,0,0,0,0,0.0,0.0,0.0,0.0,0.0,0.0,0.0,0.0
32.25,6.444,0.0480209,-0.199074,6.43546,-0.050669,-0.194213,-0.00854062,-0.0986899,0.00486116,0.0991779684634647,1,0.03,-0.0363073,0.0310522,-0.0108754,-0.000395057,,0.00551861,1,0.01,-0.0221938,0,0,0,0,0.0,0.0,0.0,0.0,0.0,0.0,0.0,0.0
32.5,6.496,0.063336,-0.197962,6.48466,-0.0319795,-0.221345,-0.0113424,-0.0953155,-0.0233838,0.0987952260002982,1,0.08,0.00321644,-0.0162209,-0.00859594,0.000165334,,-0.0134428,1,0.02,-0.00837433,0,0,0,0,0.0,0.0,0.0,0.0,0.0,0.0,0.0,0.0
32.75,6.544,0.0773191,-0.196668,6.53269,-0.0239856,-0.172608,-0.0113081,-0.101305,0.02406,0.10473518869324674,1,0.03,0.00588382,0.0202395,-0.00993583,-9.79388e-05,,0.00123948,1,0.01,-0.0277077,0,0,0,0,0.0,0.0,0.0,0.0,0.0,0.0,0.0,0.0
33.0,6.596,0.0922624,-0.194981,6.58654,-0.00759063,-0.22368,-0.00945806,-0.099853,-0.0286997,0.10432520926436524,1,0.08,-0.0154284,-0.0111694,0.00863175,0.000227089,,-0.00602333,1,0.02,-0.0254409,0,0,0,0,0.0,0.0,0.0,0.0,0.0,0.0,0.0,0.0
33.25,6.644,0.105833,-0.19316,6.63812,0.00967247,-0.175203,-0.00587522,-0.0961604,0.0179569,0.0979989336463331,1,0.03,-0.00516776,-0.0124818,0.0304876,8.90784e-05,,-0.000843634,1,0.01,-0.0353717,0,0,0,0,0.0,0.0,0.0,0.0,0.0,0.0,0.0,0.0
33.5,6.696,0.120255,-0.190907,6.69776,0.0200055,-0.18173,0.00176301,-0.10025,0.00917693,0.1006845904221942,1,0.08,-0.0319799,0.00965397,-0.0271385,0.00027129,,-0.000306059,1,0.02,-0.0407827,0,0,0,0,0.0,0.0,0.0,0.0,0.0,0.0,0.0,0.0
33.75,6.744,0.133277,-0.18857,6.74772,0.0330799,-0.175618,0.00371857,-0.100197,0.0129518,0.10109903904135241,1,0.03,0.00792409,-0.00166365,0.0143967,-0.000199937,,0.0115545,1,0.01,-0.0575476,0,0,0,0,0.0,0.0,0.0,0.0,0.0,0.0,0.0,0.0
34.0,6.796,0.147034,-0.185763,6.7957,0.0483405,-0.191355,-0.000296087,-0.0986935,-0.00559249,0.09885226630766576,1,0.08,0.0149966,-0.00889728,-0.0135227,-1.25075e-05,,0.000150702,1,0.02,-0.0512791,0,0,0,0,0.0,0.0,0.0,0.0,0.0,0.0,0.0,0.0
34.25,6.844,0.159378,-0.182922,6.8532,0.0648652,-0.174898,0.00919626,-0.0945126,0.00802427,0.09529738540894236,1,0.03,-0.0180902,-0.0175594,-0.026167,-0.000389067,,0.00712004,1,0.01,-0.0630617,0,0,0,0,0.0,0.0,0.0,0.0,0.0,0.0,0.0,0.0
34.5,6.896,0.172332,-0.179578,6.90183,0.0754011,-0.204402,0.00583397,-0.0969308,-0.0248235,0.10022884488434904,1,0.08,0.0146419,0.00326964,0.00250444,-0.000747978,,0.0238532,1,0.02,-0.0847575,0,0,0,0,0.0,0.0,0.0,0.0,0.0,0.0,0.0,0.0
34.75,6.944,0.183874,-0.17625,6.95548,0.0906459,-0.162259,0.0114786,-0.093228,0.0139904,0.09496815010370584,1,0.03,-0.00478954,-0.010344,0.0139908,-0.000912343,,-0.00250934,1,0.01,-0.0637189,0,0,0,0,0.0,0.0,0.0,0.0,0.0,0.0,0.0,0.0
35.0,6.996,0.195896,-0.172387,7.00025,0.107635,-0.15371,0.00424926,-0.0882607,0.018677,0.09031521302658595,1,0.08,0.0283594,-0.0183038,0.0153633,-0.00105189,,0.0148881,1,0.02,-0.0857742,0,0,0,0,0.0,0.0,0.0,0.0,0.0,0.0,0.0,0.0
35.25,7.044,0.206521,-0.168589,7.05033,0.118445,-0.149034,0.00632799,-0.0880764,0.0195554,0.09044285136792238,1,0.03,0.0073211,0.00416296,-0.0419222,-0.00123373,,-0.00499319,1,0.01,-0.0709889,0,0,0,0,0.0,0.0,0.0,0.0,0.0,0.0,0.0,0.0
35.5,7.096,0.217491,-0.16423,7.10341,0.130832,-0.148995,0.00740868,-0.0866585,0.0152354,0.08829893303292174,1,0.08,-0.00218871,-0.00366924,-0.00706926,-0.00084916,,-0.00805224,1,0.02,-0.0724095,0,0,0,0,0.0,0.0,0.0,0.0,0.0,0.0,0.0,0.0
35.75,7.144,0.227093,-0.159985,7.16033,0.144185,-0.171836,0.0163289,-0.0829077,-0.011851,0.08532740412962297,1,0.03,-0.0182721,-0.00499023,0.0576954,-0.000620338,,-0.0190769,1,0.01,-0.0657794,0,0,0,0,0.0,0.0,0.0,0.0,0.0,0.0,0.0,0.0
36.0,7.196,0.2369,-0.155153,7.21176,0.152562,-0.118453,0.0157587,-0.0843382,0.0367003,0.09331763298016083,1,0.08,0.00625719,0.00474374,-0.0239702,-0.000598874,,0.00990341,1,0.02,-0.0987895,0,0,0,0,0.0,0.0,0.0,0.0,0.0,0.0,0.0,0.0
36.25,7.244,0.245383,-0.150484,7.25326,0.156499,-0.181652,0.00926148,-0.088884,-0.0311677,0.09464441870010297,1,0.03,0.0395416,0.0237027,0.00159697,-0.000712022,,-0.00118212,1,0.01,-0.0923723,0,0,0,0,0.0,0.0,0.0,0.0,0.0,0.0,0.0,0.0
36.5,7.296,0.253931,-0.145207,7.30614,0.166955,-0.166604,0.0101432,-0.0869755,-0.021397,0.09014129861217886,1,0.08,-0.0017294,-0.00855408,-0.0058791,-0.000454335,,-0.00248288,1,0.02,-0.0953811,0,0,0,0,0.0,0.0,0.0,0.0,0.0,0.0,0.0,0.0
36.75,7.344,0.26121,-0.14014,7.35325,0.171398,-0.0952407,0.00924572,-0.0898113,0.0448998,0.10083424510575958,1,0.03,0.0170972,0.0117327,-0.00226411,-0.000721144,,0.00397805,1,0.01,-0.106149,0,0,0,0,0.0,0.0,0.0,0.0,0.0,0.0,0.0,0.0
37.0,7.396,0.268412,-0.134448,7.40508,0.183125,-0.146828,0.00908457,-0.0852873,-0.0123801,0.08665863966959612,1,0.08,0.00221322,-0.0162626,-0.0218606,-0.000349887,,-0.0100862,1,0.02,-0.0964492,0,0,0,0,0.0,0.0,0.0,0.0,0.0,0.0,0.0,0.0
37.25,7.444,0.274415,-0.129012,7.45141,0.183475,-0.130975,0.00740641,-0.0909399,-0.00196234,0.09126210111198241,1,0.03,0.0168004,0.0238345,0.0024872,-0.000311276,,-0.00824067,1,0.01,-0.102282,0,0,0,0,0.0,0.0,0.0,0.0,0.0,0.0,0.0,0.0
37.5,7.496,0.2802,-0.122936,7.51196,0.191375,-0.127665,0.015964,-0.0888253,-0.00472892,0.09037226289330372,1,0.08,-0.0303278,-0.0157059,0.00232275,-0.000232947,,0.00357052,1,0.02,-0.118012,0,0,0,0,0.0,0.0,0.0,0.0,0.0,0.0,0.0,0.0
37.75,7.544,0.284866,-0.117162,7.55863,0.195525,-0.112233,0.0146279,-0.0893403,0.00492915,0.09066400157847931,1,0.03,0.0198722,0.000696531,0.0293186,-0.000501624,,0.0070103,1,0.01,-0.12559,0,0,0,0,0.0,0.0,0.0,0.0,0.0,0.0,0.0,0.0
38.0,7.596,0.289176,-0.110737,7.60596,0.201415,-0.111099,0.00995635,-0.0877611,-0.000362265,0.08832480294041263,1,0.08,0.0153856,-0.00831116,0.0374148,-0.000482465,,0.00909731,1,0.02,-0.13176,0,0,0,0,0.0,0.0,0.0,0.0,0.0,0.0,0.0,0.0
38.25,7.644,0.292458,-0.104657,7.66634,0.202899,-0.107872,0.0223401,-0.0895591,-0.0032148,0.09235933845507989,1,0.03,-0.0308957,0.000972224,-0.012914,-0.000684914,,0.0027688,1,0.01,-0.129508,0,0,0,0,0.0,0.0,0.0,0.0,0.0,0.0,0.0,0.0
38.5,7.696,0.29525,-0.0979185,7.71095,0.201551,-0.111289,0.014948,-0.0936997,-0.0133706,0.09582196735848206,1,0.08,0.0266656,0.0173247,0.0168095,-0.000363606,,-0.00601579,1,0.02,-0.124625,0,0,0,0,0.0,0.0,0.0,0.0,0.0,0.0,0.0,0.0
38.75,7.744,0.297117,-0.0915667,7.75701,0.201275,-0.109883,0.0130148,-0.0958419,-0.0183162,0.09844053025603833,1,0.03,0.0213487,0.00639758,0.00836367,-0.000588945,,0.00374281,1,0.01,-0.138,0,0,0,0,0.0,0.0,0.0,0.0,0.0,0.0,0.0,0.0
39.0,7.796,0.298363,-0.0845528,7.81127,0.20875,-0.106858,0.0152724,-0.0896131,-0.0223048,0.09360159184762831,1,0.08,-0.00506346,-0.0314581,0.0272941,-0.000876344,,0.0198396,1,0.02,-0.157828,0,0,0,0,0.0,0.0,0.0,0.0,0.0,0.0,0.0,0.0
39.25,7.844,0.298795,-0.0779649,7.86729,0.206842,-0.0583314,0.023295,-0.0919522,0.0196335,0.09686763356297086,1,0.03,-0.0119716,0.00585189,-0.00844143,-0.00128562,,0.0094417,1,0.01,-0.15152,0,0,0,0,0.0,0.0,0.0,0.0,0.0,0.0,0.0,0.0
39.5,7.896,0.298482,-0.0707151,7.91083,0.206509,-0.0576946,0.0148285,-0.0919729,0.0130205,0.09406610530318557,1,0.08,0.0313487,0.00578959,0.0325045,-0.00106246,,-0.00500143,1,0.02,-0.14082,0,0,0,0,0.0,0.0,0.0,0.0,0.0,0.0,0.0,0.0
39.75,7.944,0.297475,-0.063928,7.96009,0.208499,-0.0678762,0.0160867,-0.0889757,-0.00394816,0.0905043925716625,1,0.03,0.00930011,-0.00932328,0.0415508,-0.00118444,,-0.00318794,1,0.01,-0.145974,0,0,0,0,0.0,0.0,0.0,0.0,0.0,0.0,0.0,0.0
40.0,7.996,0.295607,-0.0564831,8.00991,0.202351,-0.034274,0.0139126,-0.0932568,0.0222091,0.09686916592915415,1,0.08,0.00255431,0.0152084,0.0384413,-0.00125959,,0.00942202,1,0.02,-0.161859,0,0,0,0,0.0,0.0,0.0,0.0,0.0,0.0,0.0,0.0
40.25,8.044,0.293171,-0.0495352,8.06509,0.200816,-0.0621963,0.0210858,-0.0923556,-0.0126612,0.09557444113590201,1,0.03,-0.0130684,-0.00530138,0.0201885,-0.00139619,,-0.00221338,1,0.01,-0.153675,0,0,0,0,0.0,0.0,0.0,0.0,0.0,0.0,0.0,0.0
40.5,8.096,0.289767,-0.0419369,8.11654,0.204378,-0.0614385,0.0205403,-0.0853893,-0.0195015,0.0899641316349466,1,0.08,0.00547791,-0.0220389,0.000480578,-0.00116003,,-0.00584092,1,0.02,-0.153131,0,0,0,0,0.0,0.0,0.0,0.0,0.0,0.0,0.0,0.0
40.75,8.144,0.285926,-0.0348671,8.16596,0.198903,-0.0666634,0.0219644,-0.0870229,-0.0317962,0.09521774165674167,1,0.03,0.00996603,0.00914813,-0.0169737,-0.00143746,,0.00773475,1,0.01,-0.169634,0,0,0,0,0.0,0.0,0.0,0.0,0.0,0.0,0.0,0.0
41.0,8.196,0.281019,-0.0271584,8.22075,0.198699,-0.0309834,0.0247476,-0.0823202,-0.00382503,0.08604469703764955,1,0.08,-0.00653081,-0.0179741,0.00514329,-0.00159834,,0.0133764,1,0.02,-0.178344,0,0,0,0,0.0,0.0,0.0,0.0,0.0,0.0,0.0,0.0
41.25,8.244,0.275812,-0.0200065,8.27733,0.189442,-0.0191319,0.0333261,-0.0863699,0.000874537,0.09258052377354736,1,0.03,-0.0178201,0.0164939,0.0259419,-0.0016618,,-0.00267646,1,0.01,-0.165415,0,0,0,0,0.0,0.0,0.0,0.0,0.0,0.0,0.0,0.0
41.5,8.296,0.269452,-0.0122305,8.3251,0.184503,-0.00253901,0.0291042,-0.0849488,0.00969149,0.09031765086349457,1,0.08,0.0187372,0.00227604,0.00321782,-0.00162677,,0.00385683,1,0.02,-0.174607,0,0,0,0,0.0,0.0,0.0,0.0,0.0,0.0,0.0,0.0
41.75,8.344,0.26293,-0.0050367,8.37568,0.175275,-0.00966005,0.0316843,-0.0876556,-0.00462335,0.09332081462928032,1,0.03,0.00338333,0.0175095,0.00344535,-0.00132493,,-0.0196848,1,0.01,-0.153755,0,0,0,0,0.0,0.0,0.0,0.0,0.0,0.0,0.0,0.0
42.0,8.392,0.255801,0.00216285,8.43754,0.168095,-0.0015042,0.0455408,-0.0877057,-0.00366705,0.09889237348164165,1,0.08,-0.0327897,-0.00461369,0.00146779,-0.00143367,,0.000911461,1,0.02,-0.176446,0,0,0,0,0.0,0.0,0.0,0.0,0.0,0.0,0.0,0.0
42.25,8.444,0.247409,0.00995803,8.487,0.160395,0.0147985,0.0429963,-0.0870144,0.00484044,0.09717827679293146,1,0.03,0.0147964,-0.000463205,0.00290201,-0.00173638,,0.0190059,1,0.01,-0.196983,0,0,0,0,0.0,0.0,0.0,0.0,0.0,0.0,0.0,0.0
42.5,8.496,0.238346,0.0177372,8.54853,0.148584,0.0362859,0.0525267,-0.0897624,0.0185488,0.10564279742646918,1,0.08,-0.0328615,0.00683356,0.00996188,-0.0016052,,0.00113472,1,0.02,-0.181721,0,0,0,0,0.0,0.0,0.0,0.0,0.0,0.0,0.0,0.0
42.75,8.544,0.229405,0.0248934,8.60012,0.134762,0.0371885,0.0561195,-0.0946431,0.0122951,0.11071532929937931,1,0.03,0.0067754,0.0183861,-0.0156123,-0.00166588,,-0.00340191,1,0.01,-0.179431,0,0,0,0,0.0,0.0,0.0,0.0,0.0,0.0,0.0,0.0
43.0,8.596,0.219119,0.0326084,8.64448,0.127735,0.0257753,0.0484774,-0.0913846,-0.00683312,0.10367205485015911,1,0.08,0.0362707,-0.00923126,0.0150413,-0.00190773,,0.0157397,1,0.02,-0.200563,0,0,0,0,0.0,0.0,0.0,0.0,0.0,0.0,0.0,0.0
43.25,8.644,0.209096,0.0396854,8.70379,0.111535,0.0553637,0.0597852,-0.0975605,0.0156783,0.1154908238354026,1,0.03,-0.0259697,0.020275,-0.0146443,-0.00168898,,-0.0142177,1,0.01,-0.172868,0,0,0,0,0.0,0.0,0.0,0.0,0.0,0.0,0.0,0.0
43.5,8.696,0.197691,0.047293,8.74607,0.0979801,0.0579223,0.0500742,-0.0997107,0.0106293,0.11208314422168929,1,0.08,0.0383967,0.0151339,-0.010993,-0.00145163,,-0.00998964,1,0.02,-0.178671,0,0,0,0,0.0,0.0,0.0,0.0,0.0,0.0,0.0,0.0
43.75,8.744,0.186685,0.054251,8.80254,0.0747479,0.0671577,0.0585356,-0.111937,0.0129068,0.12697595804954573,1,0.03,-0.022193,0.0334348,0.0177463,-0.00140557,,-0.00608903,1,0.01,-0.18412,0,0,0,0,0.0,0.0,0.0,0.0,0.0,0.0,0.0,0.0
44.0,8.796,0.174275,0.0617083,8.84301,0.0655488,0.0563979,0.0470073,-0.108726,-0.00531035,0.1185716203246481,1,0.08,0.0459531,-0.00969498,0.0231229,-0.00126983,,-0.00916835,1,0.02,-0.182582,0,0,0,0,0.0,0.0,0.0,0.0,0.0,0.0,0.0,0.0
44.25,8.844,0.162398,0.0685081,8.89613,0.0511303,0.0632168,0.0521269,-0.111268,-0.00529133,0.12298690865607974,1,0.03,-0.0082457,-0.000102903,0.0289231,-0.00106504,,-0.0149625,1,0.01,-0.178133,0,0,0,0,0.0,0.0,0.0,0.0,0.0,0.0,0.0,0.0
44.5,8.896,0.149106,0.0757732,8.94879,0.0354453,0.0811961,0.052792,-0.113661,0.00542286,0.125440127533336,1,0.08,-0.00332058,0.00543207,-0.0336246,-0.000805883,,-0.00999896,1,0.02,-0.184157,0,0,0,0,0.0,0.0,0.0,0.0,0.0,0.0,0.0,0.0
44.75,8.944,0.136476,0.0823767,9.00138,0.0209906,0.084352,0.0573766,-0.115485,0.00197533,0.12896806341559489,1,0.03,-0.00143793,-0.011323,0.0078637,-0.0013421,,0.0244588,1,0.01,-0.219678,0,0,0,0,0.0,0.0,0.0,0.0,0.0,0.0,0.0,0.0
45.0,8.996,0.122436,0.0894088,9.05063,0.0136856,0.0866928,0.0546347,-0.10875,-0.00271603,0.12173286229712542,1,0.08,0.014971,-0.0289049,-0.0244715,-0.00141196,,0.00555726,1,0.02,-0.202347,0,0,0,0,0.0,0.0,0.0,0.0,0.0,0.0,0.0,0.0
45.25,9.044,0.109178,0.0957788,9.09523,-0.00728255,0.113368,0.0512337,-0.11646,0.0175892,0.1284414402454675,1,0.03,0.0200731,0.0260021,-0.0302078,-0.00138278,,-0.00447953,1,0.01,-0.193454,0,0,0,0,0.0,0.0,0.0,0.0,0.0,0.0,0.0,0.0
45.5,9.096,0.0945295,0.102538,9.14689,-0.023399,0.0873132,0.0508938,-0.117928,-0.0152251,0.1293406190353595,1,0.08,-0.00238297,3.58697e-05,-0.0417324,-0.0013951,,0.00148385,1,0.02,-0.200221,0,0,0,0,0.0,0.0,0.0,0.0,0.0,0.0,0.0,0.0
45.75,9.144,0.0807773,0.108639,9.19462,-0.0425753,0.112568,0.050624,-0.123353,0.00392907,0.13339486337961032,1,0.03,0.00743855,0.016735,-0.001554,-0.00100842,,-0.0197062,1,0.01,-0.17976,0,0,0,0,0.0,0.0,0.0,0.0,0.0,0.0,0.0,0.0
46.0,9.196,0.065667,0.115088,9.26138,-0.0550292,0.126742,0.0653813,-0.120696,0.0116542,0.1377608768240461,1,0.08,-0.0541771,-0.0246847,-0.0106037,-0.000916988,,-0.00803802,1,0.02,-0.191779,0,0,0,0,0.0,0.0,0.0,0.0,0.0,0.0,0.0,0.0
46.25,9.244,0.0515576,0.120885,9.30336,-0.0740399,0.129306,0.0593623,-0.125598,0.00842116,0.13917491225445625,1,0.03,0.034452,0.0142734,-0.0197271,-0.000857031,,0.00026092,1,0.01,-0.200325,0,0,0,0,0.0,0.0,0.0,0.0,0.0,0.0,0.0,0.0
46.5,9.296,0.0361363,0.126987,9.34964,-0.0873533,0.132792,0.0536387,-0.12349,0.00580536,0.13476124236003317,1,0.08,0.0194611,-0.00873469,-0.00101401,-0.000643345,,-0.0151252,1,0.02,-0.185394,0,0,0,0,0.0,0.0,0.0,0.0,0.0,0.0,0.0,0.0
46.75,9.344,0.0218108,0.132448,9.39662,-0.111436,0.154807,0.0526181,-0.133246,0.0223587,0.14499335305213132,1,0.03,0.00749319,0.021953,0.00329453,-0.000806776,,0.0124615,1,0.01,-0.212901,0,0,0,0,0.0,0.0,0.0,0.0,0.0,0.0,0.0,0.0
47.0,9.396,0.00623263,0.138169,9.45373,-0.129733,0.113986,0.0577268,-0.135966,-0.0241825,0.14967942377123852,1,0.08,-0.0249642,-0.00548786,0.0232757,-0.000691451,,-0.00240679,1,0.02,-0.198321,0,0,0,0,0.0,0.0,0.0,0.0,0.0,0.0,0.0,0.0
47.25,9.444,-0.00816598,0.143263,9.51345,-0.142139,0.11075,0.0694525,-0.133973,-0.032513,0.15436809791614975,1,0.03,-0.0266277,-0.0282435,-0.00722729,-0.000678033,,0.000786975,1,0.01,-0.201441,0,0,0,0,0.0,0.0,0.0,0.0,0.0,0.0,0.0,0.0
47.5,9.496,-0.0237453,0.148571,9.56233,-0.161555,0.124829,0.066327,-0.137809,-0.0237419,0.15477166803265383,1,0.08,0.00975461,0.0095567,0.0206891,-0.000436281,,-0.0138861,1,0.02,-0.186657,0,0,0,0,0.0,0.0,0.0,0.0,0.0,0.0,0.0,0.0
47.75,9.544,-0.0380731,0.153269,9.60329,-0.171379,0.152494,0.0592939,-0.133306,-0.000774865,0.1459001597976446,1,0.03,0.0429013,-0.0226201,0.00761229,-0.000530929,,0.00334071,1,0.01,-0.203407,0,0,0,0,0.0,0.0,0.0,0.0,0.0,0.0,0.0,0.0
48.0,9.596,-0.053498,0.158134,9.65221,-0.190839,0.127996,0.0562052,-0.137341,-0.0301373,0.15142599393542047,1,0.08,0.00306979,0.0089836,-0.000305596,-0.000628966,,0.00172004,1,0.02,-0.201551,0,0,0,0,0.0,0.0,0.0,0.0,0.0,0.0,0.0,0.0
48.25,9.644,-0.0676119,0.16241,9.70234,-0.202674,0.145616,0.0583401,-0.135062,-0.0167935,0.1480788058915252,1,0.03,0.00299546,-0.0176946,0.0226058,-0.000475633,,-0.00834274,1,0.01,-0.191031,0,0,0,0,0.0,0.0,0.0,0.0,0.0,0.0,0.0,0.0
48.5,9.696,-0.0827282,0.166804,9.75172,-0.2192,0.200387,0.0557218,-0.136472,0.033583,0.15118645332251168,1,0.08,0.00220939,0.00344646,0.00929954,-0.000407548,,-0.00989579,1,0.02,-0.188796,0,0,0,0,0.0,0.0,0.0,0.0,0.0,0.0,0.0,0.0
48.75,9.744,-0.096487,0.170634,9.80421,-0.231307,0.158377,0.0602064,-0.13482,-0.0122573,0.14816033343729354,1,0.03,-0.00546371,-0.0158221,0.0147448,-0.000310493,,-0.00413289,1,0.01,-0.193645,0,0,0,0,0.0,0.0,0.0,0.0,0.0,0.0,0.0,0.0
49.0,9.796,-0.111144,0.174533,9.85259,-0.24504,0.16683,0.0565854,-0.133896,-0.00770321,0.14556574374990874,1,0.08,0.00617518,-0.00458021,-0.0174855,-0.000191492,,-0.00796283,1,0.02,-0.188855,0,0,0,0,0.0,0.0,0.0,0.0,0.0,0.0,0.0,0.0
49.25,9.844,-0.12441,0.177896,9.89274,-0.255088,0.166436,0.0487428,-0.130678,-0.0114602,0.1399426183115065,1,0.03,0.0361937,-0.0141469,-0.0229656,-0.000362327,,0.0113502,1,0.01,-0.207035,0,0,0,0,0.0,0.0,0.0,0.0,0.0,0.0,0.0,0.0
49.5,9.896,-0.138461,0.181278,9.94461,-0.274515,0.183279,0.0486109,-0.136054,0.00200057,0.14449122047769858,1,0.08,-0.0173924,0.0164273,-0.0232975,-0.000323645,,-0.00359789,1,0.02,-0.191176,0,0,0,0,0.0,0.0,0.0,0.0,0.0,0.0,0.0,0.0
49.75,9.944,-0.151102,0.184154,9.99643,-0.28882,0.151847,0.0524263,-0.137718,-0.0323077,0.15085937801469287,1,0.03,-0.0124152,-0.000510423,-0.0039788,-0.000197176,,-0.00566428,1,0.01,-0.187831,0,0,0,0,0.0,0.0,0.0,0.0,0.0,0.0,0.0,0.0
50.0,9.996,-0.164406,0.187,10.046,-0.30804,0.162925,0.0500107,-0.143634,-0.0240752,0.1539851009855499,1,0.08,-0.0078149,0.0217257,-0.0184138,-6.39794e-06,,-0.014715,1,0.02,-0.177334,0,0,0,0,0.0,0.0,0.0,0.0,0.0,0.0,0.0,0.0
50.25,10.044,-0.176296,0.189374,10.0915,-0.319798,0.18704,0.047535,-0.143501,-0.00233389,0.15118716965580148,1,0.03,0.0115223,-0.00268801,0.00153049,0.000206019,,-0.00497989,1,0.01,-0.185264,0,0,0,0,0.0,0.0,0.0,0.0,0.0,0.0,0.0,0.0
50.5,10.096,-0.188721,0.191667,10.1425,-0.32929,0.202948,0.0464864,-0.140569,0.0112805,0.14848528151372445,1,0.08,-0.00809629,-0.012041,0.0163125,0.000193609,,-0.00206404,1,0.02,-0.186491,0,0,0,0,0.0,0.0,0.0,0.0,0.0,0.0,0.0,0.0
50.75,10.144,-0.199741,0.193525,10.1989,-0.344782,0.186176,0.0549141,-0.145041,-0.00734899,0.1552625444652705,1,0.03,-0.030269,0.00706086,0.0376222,0.000165315,,0.00513513,1,0.01,-0.19196,0,0,0,0,0.0,0.0,0.0,0.0,0.0,0.0,0.0,0.0
51.0,10.196,-0.211162,0.195254,10.2458,-0.3645,0.207851,0.049833,-0.153337,0.0125976,0.16172279673490686,1,0.08,0.00247551,0.0333388,0.0133334,0.000311336,,-0.0138958,1,0.02,-0.171188,0,0,0,0,0.0,0.0,0.0,0.0,0.0,0.0,0.0,0.0
51.25,10.244,-0.221202,0.196585,10.3013,-0.372248,0.163052,0.0572763,-0.151046,-0.0335329,0.16498461758630711,1,0.03,-0.0207517,-0.0170356,0.00689457,0.000577984,,-0.00685698,1,0.01,-0.175986,0,0,0,0,0.0,0.0,0.0,0.0,0.0,0.0,0.0,0.0
51.5,10.296,-0.231506,0.197739,10.342,-0.388035,0.227197,0.0460027,-0.15653,0.0294584,0.16578807749005958,1,0.08,0.0273611,0.0229787,0.0077031,0.000539346,,-0.00357066,1,0.02,-0.177092,0,0,0,0,0.0,0.0,0.0,0.0,0.0,0.0,0.0,0.0
51.75,10.344,-0.240465,0.198536,10.39,-0.3999,0.207147,0.0459763,-0.159435,0.00861095,0.16615501150008236,1,0.03,0.000806519,0.00163867,0.00873636,0.000519787,,0.00742295,1,0.01,-0.185846,0,0,0,0,0.0,0.0,0.0,0.0,0.0,0.0,0.0,0.0
52.0,10.396,-0.249548,0.199109,10.4347,-0.406842,0.196608,0.0387496,-0.157294,-0.00250071,0.16201600997020046,1,0.08,0.0144773,-0.0122095,0.0295116,0.000312504,,0.00942422,1,0.02,-0.185643,0,0,0,0,0.0,0.0,0.0,0.0,0.0,0.0,0.0,0.0
52.25,10.444,-0.257337,0.199368,10.4885,-0.415006,0.186717,0.0444645,-0.157669,-0.0126509,0.16430657501165313,1,0.03,-0.0220407,-0.00678727,-0.00713522,0.000497595,,-0.00685886,1,0.01,-0.167155,0,0,0,0,0.0,0.0,0.0,0.0,0.0,0.0,0.0,0.0
52.5,10.496,-0.265109,0.199356,10.5401,-0.420587,0.186374,0.0441017,-0.155479,-0.0129817,0.16213329059381976,1,0.08,-0.010722,-0.0134536,-0.0109377,0.000439753,,-0.00104414,1,0.02,-0.170327,0,0,0,0,0.0,0.0,0.0,0.0,0.0,0.0,0.0,0.0
52.75,10.544,-0.27165,0.199075,10.5888,-0.433032,0.210219,0.0448428,-0.161382,0.0111444,0.1678666860553338,1,0.03,-0.00438316,0.0147591,-0.019569,0.000382848,,0.00776843,1,0.01,-0.176535,0,0,0,0,0.0,0.0,0.0,0.0,0.0,0.0,0.0,0.0
53.0,10.596,-0.278033,0.198479,10.6433,-0.431242,0.252484,0.0473095,-0.153209,0.054005,0.16919730049929876,1,0.08,-0.0148858,-0.0403012,-0.00229303,-0.000115363,,0.0236831,1,0.02,-0.189876,0,0,0,0,0.0,0.0,0.0,0.0,0.0,0.0,0.0,0.0
53.25,10.644,-0.283261,0.19766,10.6955,-0.437155,0.151235,0.0514804,-0.153894,-0.0464251,0.16878650636283102,1,0.03,-0.00900967,-0.00331256,0.0146715,-0.000331758,,0.0207458,1,0.01,-0.184484,0,0,0,0,0.0,0.0,0.0,0.0,0.0,0.0,0.0,0.0
53.5,10.696,-0.288191,0.196482,10.7492,-0.449664,0.221397,0.0531945,-0.161473,0.0249142,0.1718252074664541,1,0.08,-0.0158471,0.0238008,0.0309316,-0.00058669,,0.00937805,1,0.02,-0.17051,0,0,0,0,0.0,0.0,0.0,0.0,0.0,0.0,0.0,0.0
53.75,10.744,-0.292053,0.19513,10.8017,-0.448886,0.200972,0.0576916,-0.156833,0.00584273,0.16720959330556634,1,0.03,-0.00394633,-0.0163076,0.00814298,-0.00010851,,-0.0208318,1,0.01,-0.137421,0,0,0,0,0.0,0.0,0.0,0.0,0.0,0.0,0.0,0.0
54.0,10.796,-0.295481,0.193378,10.8515,-0.45121,0.184948,0.0555425,-0.155729,-0.00843,0.1655522746664932,1,0.08,0.00361895,-0.00455008,-0.0223645,-0.000173151,,-0.00545151,1,0.02,-0.149366,0,0,0,0,0.0,0.0,0.0,0.0,0.0,0.0,0.0,0.0
54.25,10.844,-0.297939,0.191499,10.8969,-0.458525,0.190251,0.0529471,-0.160586,-0.0012484,0.1690941078126911,1,0.03,0.0191221,0.0174532,0.0398398,-0.000137593,,0.00732519,1,0.01,-0.1588,0,0,0,0,0.0,0.0,0.0,0.0,0.0,0.0,0.0,0.0
54.5,10.896,-0.299831,0.189183,10.9488,-0.463398,0.187685,0.0527924,-0.163567,-0.00149771,0.17188206457336988,1,0.08,-0.00445127,0.00946234,0.0273593,-0.000168422,,-0.00477639,1,0.02,-0.143481,0,0,0,0,0.0,0.0,0.0,0.0,0.0,0.0,0.0,0.0
54.75,10.944,-0.300861,0.186789,10.9969,-0.457377,0.206201,0.0529086,-0.156516,0.0194122,0.16635327384455045,1,0.03,0.0138883,-0.0263927,-0.010995,9.3106e-05,,-0.00338111,1,0.01,-0.141335,0,0,0,0,0.0,0.0,0.0,0.0,0.0,0.0,0.0,0.0
55.0,10.996,-0.301197,0.183921,11.0454,-0.458478,0.21198,0.0493604,-0.157281,0.0280587,0.16721558747571952,1,0.08,0.0100537,0.00428204,0.0230687,1.87374e-05,,-0.000255366,1,0.02,-0.140837,0,0,0,0,0.0,0.0,0.0,0.0,0.0,0.0,0.0,0.0
55.25,11.044,-0.300788,0.181025,11.0925,-0.451188,0.21243,0.0484727,-0.1504,0.0314056,0.16110888975053486,1,0.03,0.0180722,-0.0237029,0.0204211,6.71024e-05,,0.00644843,1,0.01,-0.143955,0,0,0,0,0.0,0.0,0.0,0.0,0.0,0.0,0.0,0.0
55.5,11.096,-0.299566,0.177621,11.1481,-0.449311,0.176013,0.0520931,-0.149745,-0.00160816,0.15855548641152598,1,0.08,-0.0182678,-0.00475339,0.0038274,-0.000156247,,0.00761005,1,0.02,-0.141495,0,0,0,0,0.0,0.0,0.0,0.0,0.0,0.0,0.0,0.0
55.75,11.144,-0.297722,0.174239,11.2058,-0.447868,0.158159,0.0618284,-0.150147,-0.0160806,0.16317309322287177,1,0.03,-0.0241491,-0.00113394,-0.018549,2.92106e-05,,-0.000412818,1,0.01,-0.129806,0,0,0,0,0.0,0.0,0.0,0.0,0.0,0.0,0.0,0.0
56.0,11.196,-0.294953,0.17032,11.2519,-0.443432,0.162995,0.0558637,-0.148478,-0.00732469,0.158808439779774,1,0.08,0.0240217,-0.00417423,0.0189372,-0.00029177,,0.00888339,1,0.02,-0.135292,0,0,0,0,0.0,0.0,0.0,0.0,0.0,0.0,0.0,0.0
56.25,11.244,-0.291693,0.166471,11.3083,-0.442393,0.155461,0.0642993,-0.1507,-0.0110099,0.16421360442576005,1,0.03,-0.0184314,0.00461241,-0.0248694,-0.000249398,,0.00587999,1,0.01,-0.128528,0,0,0,0,0.0,0.0,0.0,0.0,0.0,0.0,0.0,0.0
56.5,11.296,-0.287406,0.162057,11.3633,-0.434569,0.165942,0.0672676,-0.147164,0.00388439,0.16185568075119297,1,0.08,-0.00657581,-0.0126063,0.0106341,-0.000433677,,-0.000893293,1,0.02,-0.117902,0,0,0,0,0.0,0.0,0.0,0.0,0.0,0.0,0.0,0.0
56.75,11.344,-0.282761,0.157763,11.4113,-0.425582,0.131386,0.0672507,-0.142821,-0.0263773,0.16005079395860553,1,0.03,0.0194001,-0.0115355,-0.00565967,-0.0003343,,0.00361191,1,0.01,-0.118337,0,0,0,0,0.0,0.0,0.0,0.0,0.0,0.0,0.0,0.0
57.0,11.396,-0.276999,0.15288,11.4654,-0.421973,0.161624,0.0693953,-0.144974,0.0087439,0.1609646673195705,1,0.08,-0.006532,0.0101841,-0.000979806,-0.000477741,,-0.000715477,1,0.02,-0.109905,0,0,0,0,0.0,0.0,0.0,0.0,0.0,0.0,0.0,0.0
57.25,11.444,-0.271017,0.148165,11.5193,-0.423386,0.167682,0.0753462,-0.152369,0.0195167,0.1710972343269464,1,0.03,-0.00680073,0.0347481,0.00403918,-1.73199e-05,,-0.0216398,1,0.01,-0.0847944,0,0,0,0,0.0,0.0,0.0,0.0,0.0,0.0,0.0,0.0
57.5,11.496,-0.263836,0.14284,11.5732,-0.417139,0.145912,0.077209,-0.153303,0.00307222,0.17167550211293514,1,0.08,-0.00177728,0.00196606,0.0198791,-0.000169575,,-0.000638604,1,0.02,-0.101197,0,0,0,0,0.0,0.0,0.0,0.0,0.0,0.0,0.0,0.0
57.75,11.544,-0.256576,0.137731,11.6301,-0.4154,0.173095,0.0860965,-0.158824,0.0353642,0.18408774247594542,1,0.03,-0.0138071,0.0159501,-0.00130116,-5.64745e-05,,0.00635188,1,0.01,-0.103795,0,0,0,0,0.0,0.0,0.0,0.0,0.0,0.0,0.0,0.0
58.0,11.596,-0.248049,0.131994,11.6702,-0.40536,0.178851,0.0742432,-0.157311,0.0468567,0.18015091951508325,1,0.08,0.0527369,-0.00344847,0.037043,-0.000200821,,-0.00090049,1,0.02,-0.0922459,0,0,0,0,0.0,0.0,0.0,0.0,0.0,0.0,0.0,0.0
58.25,11.644,-0.239584,0.126519,11.7257,-0.396748,0.140676,0.0816965,-0.157164,0.014157,0.17769429269745834,1,0.03,-0.008749,-0.00262838,0.0174166,4.58196e-05,,-0.000888519,1,0.01,-0.0877226,0,0,0,0,0.0,0.0,0.0,0.0,0.0,0.0,0.0,0.0
58.5,11.696,-0.229795,0.120402,11.7747,-0.384004,0.130768,0.0786544,-0.154209,0.0103662,0.17341968868268678,1,0.08,0.0160453,-0.0104504,0.0157335,0.000166615,,-0.0182937,1,0.02,-0.065778,0,0,0,0,0.0,0.0,0.0,0.0,0.0,0.0,0.0,0.0
58.75,11.744,-0.22021,0.114592,11.8295,-0.371683,0.130049,0.0854733,-0.151473,0.0154566,0.17461002613094703,1,0.03,-0.00638314,-0.0125317,0.0147108,0.00026787,,0.00654654,1,0.01,-0.0857582,0,0,0,0,0.0,0.0,0.0,0.0,0.0,0.0,0.0,0.0
59.0,11.796,-0.209258,0.10813,11.8738,-0.353406,0.13899,0.0778218,-0.144149,0.0308603,0.16669590538561527,1,0.08,0.0334397,-0.0263899,0.0314541,0.000129549,,0.00472135,1,0.02,-0.0793154,0,0,0,0,0.0,0.0,0.0,0.0,0.0,0.0,0.0,0.0
59.25,11.844,-0.198648,0.102017,11.9209,-0.342011,0.0857963,0.0769465,-0.143363,-0.0162212,0.16351403903240236,1,0.03,0.0179012,0.00173156,0.0122256,0.000331943,,0.00281118,1,0.01,-0.0727425,0,0,0,0,0.0,0.0,0.0,0.0,0.0,0.0,0.0,0.0
59.5,11.896,-0.186641,0.0952461,11.9722,-0.32982,0.117512,0.0762146,-0.143179,0.0222664,0.16372136043632182,1,0.08,0.00158721,-0.000903951,0.0196804,0.000153245,,-0.000931152,1,0.02,-0.064341,0,0,0,0,0.0,0.0,0.0,0.0,0.0,0.0,0.0,0.0
59.75,11.944,-0.175112,0.088866,12.0213,-0.318836,0.100127,0.0773329,-0.143724,0.0112615,0.16359641493828644,1,0.03,0.00705701,0.00225446,-0.0172673,0.000190001,,0.00872334,1,0.01,-0.0692606,0,0,0,0,0.0,0.0,0.0,0.0,0.0,0.0,0.0,0.0
60.0,11.996,-0.162172,0.0818237,12.0771,-0.304984,0.0825577,0.0811082,-0.142812,0.000733959,0.1642386865115941,1,0.08,-0.0179309,-0.000362873,-0.0171387,0.000412829,,-0.030169,1,0.02,-0.0257442,0,0,0,0,0.0,0.0,0.0,0.0,0.0,0.0,0.0,0.0
60.25,12.044,-0.14984,0.0752116,12.1345,-0.291561,0.076246,0.0904565,-0.141722,0.00103439,0.16813260730424093,1,0.03,-0.0215704,-0.0034129,0.00285859,0.000683569,,-0.006188,1,0.01,-0.0444764,0,0,0,0,0.0,0.0,0.0,0.0,0.0,0.0,0.0,0.0
60.5,12.096,-0.136094,0.0679378,12.1905,-0.28249,0.107952,0.0945288,-0.146396,0.0400142,0.17879770425561958,1,0.08,-0.014512,0.0130026,0.00486452,0.000595769,,-0.00615498,1,0.02,-0.0395466,0,0,0,0,0.0,0.0,0.0,0.0,0.0,0.0,0.0,0.0
60.75,12.144,-0.123082,0.0611309,12.242,-0.274706,0.0298302,0.0980061,-0.151625,-0.0313007,0.18323501325538197,1,0.03,0.00417192,0.0161825,0.0635146,0.000651195,,0.00664625,1,0.01,-0.0474251,0,0,0,0,0.0,0.0,0.0,0.0,0.0,0.0,0.0,0.0
61.0,12.196,-0.108669,0.0536666,12.2949,-0.26191,0.0452386,0.0988677,-0.153241,-0.00842808,0.18256138342151224,1,0.08,-0.00121074,0.000184818,0.0189692,0.000659043,,-0.0118168,1,0.02,-0.0241289,0,0,0,0,0.0,0.0,0.0,0.0,0.0,0.0,0.0,0.0
61.25,12.244,-0.0951058,0.0467031,12.344,-0.245112,0.0514154,0.100005,-0.150007,0.00471229,0.18034773564157688,1,0.03,0.0122343,-0.0170938,-0.00271047,0.000747895,,0.00655136,1,0.01,-0.0374205,0,0,0,0,0.0,0.0,0.0,0.0,0.0,0.0,0.0,0.0
61.5,12.296,-0.0801695,0.0390903,12.3978,-0.217195,0.0069459,0.101828,-0.137025,-0.0321444,0.1737183198754812,1,0.08,-0.00506626,-0.0542888,0.0186916,0.000545254,,0.00343469,1,0.02,-0.0294149,0,0,0,0,0.0,0.0,0.0,0.0,0.0,0.0,0.0,0.0
61.75,12.344,-0.0661918,0.0320094,12.4451,-0.192383,0.0744245,0.101122,-0.126192,0.0424151,0.16717990446225886,1,0.03,0.0169475,-0.0344657,0.00129282,0.000859641,,-0.00448493,1,0.01,-0.0165302,0,0,0,0,0.0,0.0,0.0,0.0,0.0,0.0,0.0,0.0
62.0,12.396,-0.0508812,0.0242909,12.4967,-0.182649,-0.016521,0.100674,-0.131768,-0.0408119,0.17077374295133899,1,0.08,-0.00094933,0.0182672,-0.000973166,0.000326651,,0.0182044,1,0.02,-0.034226,0,0,0,0,0.0,0.0,0.0,0.0,0.0,0.0,0.0,0.0
62.25,12.444,-0.0366283,0.0171323,12.5377,-0.162348,-0.0133755,0.0936596,-0.12572,-0.0305078,0.15971338370030233,1,0.03,0.0360678,-0.0145432,-0.0497499,0.000660875,,-0.0056484,1,0.01,-0.00561426,0,0,0,0,0.0,0.0,0.0,0.0,0.0,0.0,0.0,0.0
62.5,12.496,-0.0210966,0.00935148,12.5886,-0.147476,0.00914567,0.092593,-0.126379,-0.000205814,0.1566689428361684,1,0.08,-0.00380494,0.0036407,-0.000370889,0.000458727,,0.00316091,1,0.02,-0.00929061,0,0,0,0,0.0,0.0,0.0,0.0,0.0,0.0,0.0,0.0
62.75,12.544,-0.00671087,0.00215551,12.6315,-0.141991,-0.00591405,0.0875123,-0.13528,-0.00806956,0.1613201749623512,1,0.03,0.0246022,0.0370858,-0.0108374,0.000664343,,-0.00206964,1,0.01,0.000872469,0,0,0,0,0.0,0.0,0.0,0.0,0.0,0.0,0.0,0.0
63.0,12.596,0.00888692,-0.00564387,12.6838,-0.124553,0.00324698,0.0878367,-0.13344,0.00889085,0.16000177086711417,1,0.08,-0.0125535,-0.0136717,0.00748957,0.000208882,,0.0154173,1,0.02,-0.0116258,0,0,0,0,0.0,0.0,0.0,0.0,0.0,0.0,0.0,0.0
63.25,12.644,0.0232616,-0.0128368,12.7368,-0.115994,-0.0234863,0.0927979,-0.139256,-0.0106496,0.16768153673129907,1,0.03,-0.0135282,0.0228888,-0.0419684,0.000381921,,0.00109701,1,0.01,0.00747103,0,0,0,0,0.0,0.0,0.0,0.0,0.0,0.0,0.0,0.0
63.5,12.696,0.0387696,-0.0206109,12.7949,-0.10722,-0.0337555,0.0989457,-0.14599,-0.0131446,0.17685053620967622,1,0.08,-0.0313315,0.0199679,0.0138338,0.000233818,,-0.00562518,1,0.02,0.0191435,0,0,0,0,0.0,0.0,0.0,0.0,0.0,0.0,0.0,0.0
63.75,12.744,0.0529897,-0.0277602,12.8403,-0.0947933,-0.0457332,0.0962539,-0.147783,-0.017973,0.17727847326511473,1,0.03,0.0172919,0.00325179,0.000899794,0.000456327,,-0.00231879,1,0.01,0.0208775,0,0,0,0,0.0,0.0,0.0,0.0,0.0,0.0,0.0,0.0
64.0,12.796,0.068253,-0.0354654,12.8977,-0.0920798,-0.0390506,0.101686,-0.160333,-0.00358527,0.18989356925913237,1,0.08,-0.0276246,0.0387387,0.00269453,0.000377587,,-0.010747,1,0.02,0.034295,0,0,0,0,0.0,0.0,0.0,0.0,0.0,0.0,0.0,0.0
64.25,12.844,0.0821764,-0.042531,12.9476,-0.0735957,-0.0207967,0.103626,-0.155772,0.0217343,0.18834979069935276,1,0.03,0.000827435,-0.0257402,0.0205829,0.000582399,,-0.00232859,1,0.01,0.0309434,0,0,0,0,0.0,0.0,0.0,0.0,0.0,0.0,0.0,0.0
64.5,12.896,0.0970423,-0.0501238,12.9891,-0.0579777,-0.0405251,0.0930905,-0.15502,0.00959873,0.1810778208612609,1,0.08,0.0304106,-0.0140342,-0.00808984,0.000467923,,-0.00317033,1,0.02,0.036795,0,0,0,0,0.0,0.0,0.0,0.0,0.0,0.0,0.0,0.0
64.75,12.944,0.11053,-0.057066,13.0433,-0.0505773,-0.0819032,0.0992898,-0.161107,-0.0248372,0.1908685839442416,1,0.03,-0.0168508,0.0156691,-0.0025814,0.000650892,,0.000866534,1,0.01,0.0377329,0,0,0,0,0.0,0.0,0.0,0.0,0.0,0.0,0.0,0.0
65.0,12.996,0.12485,-0.0645038,13.0811,-0.0349126,-0.0874569,0.0851165,-0.159763,-0.022953,0.1824715729922061,1,0.08,0.0423821,-0.0184946,-0.0229403,0.000511075,,-0.0041261,1,0.02,0.0475961,0,0,0,0,0.0,0.0,0.0,0.0,0.0,0.0,0.0,0.0
65.25,13.044,0.137767,-0.0712835,13.1257,-0.0316155,-0.056535,0.0817305,-0.169383,0.0147486,0.18864781080418083,1,0.03,0.0135559,0.024447,0.010132,0.0005849,,0.000814064,1,0.01,0.0474811,0,0,0,0,0.0,0.0,0.0,0.0,0.0,0.0,0.0,0.0
65.5,13.092,0.150364,-0.0779716,13.1803,-0.0196232,-0.0832298,0.0882562,-0.169987,-0.00525817,0.19160476340422464,1,0.08,-0.0259526,-0.00870196,0.0269905,0.000865587,,-0.0051659,1,0.02,0.0583084,0,0,0,0,0.0,0.0,0.0,0.0,0.0,0.0,0.0,0.0
65.75,13.144,0.163616,-0.0851037,13.2241,-0.011478,-0.0741418,0.0801195,-0.175094,0.0109618,0.1928657672462638,1,0.03,0.0144587,0.00138347,0.0304877,0.000784935,,-0.00395147,1,0.01,0.0620266,0,0,0,0,0.0,0.0,0.0,0.0,0.0,0.0,0.0,0.0
66.0,13.196,0.176422,-0.0921072,13.2771,0.0118583,-0.0877489,0.0811175,-0.164564,0.00435826,0.18352207859676611,1,0.08,-0.0233597,-0.0536266,-0.0094012,0.000511008,,0.00387041,1,0.02,0.0590025,0,0,0,0,0.0,0.0,0.0,0.0,0.0,0.0,0.0,0.0
66.25,13.244,0.187818,-0.0984487,13.3286,0.0215924,-0.0774293,0.08455,-0.166225,0.0210193,0.18767329084739257,1,0.03,-0.0133998,-0.00078971,-0.0209267,0.000653393,,0.00441043,1,0.01,0.0631558,0,0,0,0,0.0,0.0,0.0,0.0,0.0,0.0,0.0,0.0
66.5,13.296,0.199671,-0.105175,13.3847,0.0379823,-0.130779,0.0886974,-0.161689,-0.0256037,0.18618837488267093,1,0.08,-0.0299578,-0.0221598,-0.00559103,0.000680788,,-0.0113526,1,0.02,0.0836086,0,0,0,0,0.0,0.0,0.0,0.0,0.0,0.0,0.0,0.0
66.75,13.344,0.210131,-0.111244,13.4427,0.0493577,-0.0812019,0.098687,-0.160773,0.0300417,0.19102247312002324,1,0.03,-0.0325522,-0.00664846,-0.011173,0.000815205,,0.00305891,1,0.01,0.0739875,0,0,0,0,0.0,0.0,0.0,0.0,0.0,0.0,0.0,0.0
67.0,13.396,0.220913,-0.117655,13.4898,0.0641416,-0.111266,0.0937587,-0.156771,0.00638972,0.1827803840360568,1,0.08,0.0106041,-0.0207533,-0.0563178,0.000551893,,0.00636776,1,0.02,0.075242,0,0,0,0,0.0,0.0,0.0,0.0,0.0,0.0,0.0,0.0
67.25,13.444,0.230333,-0.123416,13.5311,0.073854,-0.143141,0.0871333,-0.156479,-0.0197247,0.1801858851297182,1,0.03,0.0286738,-0.00432119,-0.00321628,0.000695114,,0.00320255,1,0.01,0.0828716,0,0,0,0,0.0,0.0,0.0,0.0,0.0,0.0,0.0,0.0
67.5,13.496,0.239935,-0.129477,13.5773,0.0868428,-0.106013,0.0812756,-0.153093,0.0234644,0.17491074258523975,1,0.08,0.00623532,-0.0133757,-0.00368216,0.000628502,,-0.0120101,1,0.02,0.102486,0,0,0,0,0.0,0.0,0.0,0.0,0.0,0.0,0.0,0.0
67.75,13.544,0.248221,-0.134899,13.6231,0.092474,-0.125092,0.0790845,-0.155747,0.00980639,0.17495042564704466,1,0.03,0.00765423,0.00636973,-0.00954289,0.000534241,,0.0201212,1,0.01,0.0749527,0,0,0,0,0.0,0.0,0.0,0.0,0.0,0.0,0.0,0.0
68.0,13.596,0.256549,-0.140575,13.6642,0.0952148,-0.139362,0.0681956,-0.161334,0.00121292,0.17515927206484502,1,0.08,0.0255087,0.0182493,-0.0327753,0.00046496,,-0.00409509,1,0.02,0.103327,0,0,0,0,0.0,0.0,0.0,0.0,0.0,0.0,0.0,0.0
68.25,13.644,0.263617,-0.145626,13.7152,0.101691,-0.135449,0.0712232,-0.161926,0.0101767,0.1771901208226068,1,0.03,-0.0147172,0.00290264,-0.0471916,0.000581648,,0.00498972,1,0.01,0.0986246,0,0,0,0,0.0,0.0,0.0,0.0,0.0,0.0,0.0,0.0
68.5,13.696,0.270586,-0.150885,13.7643,0.107232,-0.186599,0.068327,-0.163355,-0.0357133,0.1806346443816634,1,0.08,-0.009283,-0.00152605,0.00316804,0.000272811,,0.0124568,1,0.02,0.0953723,0,0,0,0,0.0,0.0,0.0,0.0,0.0,0.0,0.0,0.0
68.75,13.744,0.276368,-0.155538,13.8063,0.118533,-0.137876,0.0622713,-0.157834,0.0176613,0.17059076140688276,1,0.03,0.0137065,-0.0227559,0.0132765,0.000532668,,-0.00694,1,0.01,0.118793,0,0,0,0,0.0,0.0,0.0,0.0,0.0,0.0,0.0,0.0
69.0,13.796,0.281909,-0.160351,13.8603,0.12963,-0.175698,0.0643123,-0.152279,-0.0153468,0.16601352367361522,1,0.08,-0.0316761,-0.0195994,0.00437093,0.000269403,,0.00736335,1,0.02,0.108693,0,0,0,0,0.0,0.0,0.0,0.0,0.0,0.0,0.0,0.0
69.25,13.844,0.286345,-0.164578,13.9068,0.135214,-0.175219,0.0628008,-0.151131,-0.0106406,0.16400531092010404,1,0.03,0.0012261,-0.000569489,-0.00969738,0.000402604,,0.000115709,1,0.01,0.119859,0,0,0,0,0.0,0.0,0.0,0.0,0.0,0.0,0.0,0.0
69.5,13.896,0.290402,-0.168918,13.9518,0.135883,-0.171181,0.0557509,-0.15452,-0.00226249,0.16428545922208118,1,0.08,0.0079151,0.0154568,-0.0104104,0.000328909,,-0.00762278,1,0.02,0.131545,0,0,0,0,0.0,0.0,0.0,0.0,0.0,0.0,0.0,0.0
69.75,13.944,0.293448,-0.172697,14.0072,0.142448,-0.180602,0.0632001,-0.151001,-0.00790453,0.16388421594385133,1,0.03,-0.0342841,-0.00727054,-0.0114791,0.000498657,,-0.000232086,1,0.01,0.128158,0,0,0,0,0.0,0.0,0.0,0.0,0.0,0.0,0.0,0.0
